,Year,Artist,Track,track_length,Genre,date_entered,date_peaked,1st_week,2nd_week,3rd_week,4th_week,5th_week,6th_week,7th_week,8th_week,9th_week,10th_week,11th_week,12th_week,13th_week,14th_week,15th_week,16th_week,17th_week,18th_week,19th_week,20th_week,21st_week,22nd_week,23rd_week,24th_week,25th_week,26th_week,27th_week,28th_week,29th_week,30th_week,31st_week,32nd_week,33rd_week,34th_week,35th_week,36th_week,37th_week,38th_week,39th_week,40th_week,41st_week,42nd_week,43rd_week,44th_week,45th_week,46th_week,47th_week,48th_week,49th_week,50th_week,51st_week,52nd_week,53rd_week,54th_week,55th_week,56th_week,57th_week,58th_week,59th_week,60th_week,61st_week,62nd_week,63rd_week,64th_week,65th_week,days_to_peak,peak_rank,debut_rank
0,2000,Destiny's Child,Independent Women Part I,3:38,Rock,2000-09-23,2000-11-18,[,[,[,[,[,[,[,[,[,[,[,[,[,[,[,[,[,[,[,[,[,[,[,[,[,[,[,[,[,[,[,[,[,[,[,[,[,[,[,[,[,[,[,[,[,[,[,[,[,[,[,[,[,[,[,[,[,[,[,[,[,[,[,[,[,56 days 00:00:00.000000000,1,78
1,2000,Santana,"Maria, Maria",4:18,Rock,2000-02-12,2000-04-08, , , , , , , , , , , , , , , , , , , , , , , , , , , , , , , , , , , , , , , , , , , , , , , , , , , , , , , , , , , , , , , , , ,56 days 00:00:00.000000000,1,15
2,2000,Savage Garden,I Knew I Loved You,4:07,Rock,1999-10-23,2000-01-29, , , , , ,1, , , , , , , , , , , , , , , , ,1,1,1,2,2,3,n,n,n,n,n,n,n,n,n,n,n,n,n,n,n,n,n,n,n,n,n,n,n,n,n,n,n,n,n,n,n,n,n,n,n,n,n,98 days 00:00:00.000000000,1,71
3,2000,Madonna,Music,3:45,Rock,2000-08-12,2000-09-16,7,6,4,3,2,5, ,5, , , , , , , , , , ,1, ,3, ,0,2,5,2,9,1,a,a,a,a,a,a,a,a,a,a,a,a,a,a,a,a,a,a,a,a,a,a,a,a,a,a,a,a,a,a,a,a,a,a,a,a,a,35 days 00:00:00.000000000,1,41
4,2000,"Aguilera, Christina",Come On Over Baby (All I Want Is You),3:38,Rock,2000-08-05,2000-10-14,8,3,9,3,3,.,7,.,1,1,1,1,1,1,1,1,1,1,.,2,.,7,.,.,.,.,.,.,n,n,n,n,n,n,n,n,n,n,n,n,n,n,n,n,n,n,n,n,n,n,n,n,n,n,n,n,n,n,n,n,n,n,n,n,n,70 days 00:00:00.000000000,1,57
5,2000,Janet,Doesn't Really Matter,4:17,Rock,2000-06-17,2000-08-26,.,.,.,.,., ,., ,.,.,.,.,.,.,.,.,.,., ,., ,., , , , , , , , , , , , , , , , , , , , , , , , , , , , , , , , , , , , , , , , , , , ,70 days 00:00:00.000000000,1,59
6,2000,Destiny's Child,Say My Name,4:31,Rock,1999-12-25,2000-03-18, , , , , , , , , , , , , , , , , , , , , , , , , , , , , , , , , , , , , , , , , , , , , , , , , , , , , , , , , , , , , , , , , ,84 days 00:00:00.000000000,1,83
7,2000,"Iglesias, Enrique",Be With You,3:36,Latin,2000-04-01,2000-06-24, , , , , , , , , , , , , , , , , , , , ,1, ,2,3,4,4,n,n,n,n,n,n,n,n,n,n,n,n,n,n,n,n,n,n,n,n,n,n,n,n,n,n,n,n,n,n,n,n,n,n,n,n,n,n,n,84 days 00:00:00.000000000,1,63
8,2000,Sisqo,Incomplete,3:52,Rock,2000-06-24,2000-08-12, , , , , ,3, ,2, , , , , , , , , , ,8, ,9, ,6,6,8,7,a,a,a,a,a,a,a,a,a,a,a,a,a,a,a,a,a,a,a,a,a,a,a,a,a,a,a,a,a,a,a,a,a,a,a,a,a,a,a,49 days 00:00:00.000000000,1,77
9,2000,Lonestar,Amazed,4:25,Country,1999-06-05,2000-03-04,1, , , , ,., ,., , , , , , , , , , ,.,1,.,2,.,.,.,.,n,n,n,n,n,n,n,n,n,n,n,n,n,n,n,n,n,n,n,n,n,n,n,n,n,n,n,n,n,n,n,n,n,n,n,n,n,n,n,273 days 00:00:00.000000000,1,81
10,2000,N'Sync,It's Gonna Be Me,3:10,Rock,2000-05-06,2000-07-29,5,8,6,5,2, ,2, ,1,1,1,1,1,1,1,1,1,1, ,5, ,1, , , , , , , , , , , , , , , , , , , , , , , , , , , , , , , , , , , , , , , , , , , ,84 days 00:00:00.000000000,1,82
11,2000,"Aguilera, Christina",What A Girl Wants,3:18,Rock,1999-11-27,2000-01-15,.,.,.,.,., ,., ,.,.,.,.,.,.,.,.,.,., ,., ,., , , , , , , , , , , , , , , , , , , , , , , , , , , , , , , , , , , , , , , , , , , ,49 days 00:00:00.000000000,1,71
12,2000,Vertical Horizon,Everything You Want,4:01,Rock,2000-01-22,2000-07-15, , , , , ,1, , , , , , , , , , , , , , , , , ,1,1,1,2,2,3,3,3,4,4,n,n,n,n,n,n,n,n,n,n,n,n,n,n,n,n,n,n,n,n,n,n,n,n,n,n,n,n,n,n,n,n,175 days 00:00:00.000000000,1,70
13,2000,Creed,With Arms Wide Open,3:52,Rock,2000-05-13,2000-11-11, , , , , ,3, ,6, , , , , , , , , , ,1, ,4, ,8,2,4,7,1,4,0,4,7,6,7,a,a,a,a,a,a,a,a,a,a,a,a,a,a,a,a,a,a,a,a,a,a,a,a,a,a,a,a,a,a,a,a,182 days 00:00:00.000000000,1,84
14,2000,Aaliyah,Try Again,4:03,Rock,2000-03-18,2000-06-17, , , , , ,., ,., , , , , , , , , , ,., ,., ,.,.,.,.,.,.,.,.,.,.,.,n,n,n,n,n,n,n,n,n,n,n,n,n,n,n,n,n,n,n,n,n,n,n,n,n,n,n,n,n,n,n,n,91 days 00:00:00.000000000,1,59
15,2000,Matchbox Twenty,Bent,4:12,Rock,2000-04-29,2000-07-22,7,4,4,3,2, , , , , , , , , , , , , , , , , , , , , , , , , , , , , , , , , , , , , , , , , , , , , , , , , , , , , , , , , , , , ,84 days 00:00:00.000000000,1,60
16,2000,"Carey, Mariah",Thank God I Found You,4:14,Rock,1999-12-11,2000-02-19,1,8,3,1,0, ,7, ,4,4,4,6,4,2,1,1,1,2, ,2, ,8, , , , , , , , , , , , , , , , , , , , , , , , , , , , , , , , , , , , , , , , , , , ,70 days 00:00:00.000000000,1,82
17,2000,"Hill, Faith",Breathe,4:04,Rap,1999-11-06,2000-04-22,.,.,.,.,., ,., ,.,.,.,.,.,.,.,.,.,.,2,.,2,.,2,4,n,n,n,n,n,n,n,n,n,n,n,n,n,n,n,n,n,n,n,n,n,n,n,n,n,n,n,n,n,n,n,n,n,n,n,n,n,n,n,n,n,168 days 00:00:00.000000000,2,81
18,2000,Mya,Case Of The Ex (Whatcha Gonna Do),3:50,Rock,2000-08-19,2000-12-02, , , , , ,1, ,1, , , , , , , , , , ,0, ,7, ,9,4,a,a,a,a,a,a,a,a,a,a,a,a,a,a,a,a,a,a,a,a,a,a,a,a,a,a,a,a,a,a,a,a,a,a,a,a,a,a,a,a,a,105 days 00:00:00.000000000,2,72
19,2000,Dream,He Loves U Not,3:43,Rock,2000-09-30,2000-12-30, , , , , ,., ,., , , , , , , , , , ,., ,., ,.,.,n,n,n,n,n,n,n,n,n,n,n,n,n,n,n,n,n,n,n,n,n,n,n,n,n,n,n,n,n,n,n,n,n,n,n,n,n,n,n,n,n,91 days 00:00:00.000000000,2,99
20,2000,"Braxton, Toni",He Wasn't Man Enough,4:21,Rock,2000-03-18,2000-05-06, , , , , , , , , , , , , , , , , , , , , , , , , , , , , , , , , , , , , , , , , , , , , , , , , , , , , , , , , , , , , , , , , ,49 days 00:00:00.000000000,2,63
21,2000,"Anthony, Marc",You Sang To Me,3:50,Latin,2000-02-26,2000-06-03,4,2,1,1, , , , , , , , , , , , ,1,1, ,2, ,2, , , , , , , , , , , , , , , , , , , , , , , , , , , , , , , , , , , , , , , , , , , ,98 days 00:00:00.000000000,2,77
22,2000,98Ëš,Give Me Just One Night (Una Noche),3:24,Rock,2000-08-19,2000-09-30,1,3,8,4,2,1,1, ,1,2,2,2,2,2,4,8,1,6,2,5,4,7,n,n,n,n,n,n,n,n,n,n,n,n,n,n,n,n,n,n,n,n,n,n,n,n,n,n,n,n,n,n,n,n,n,n,n,n,n,n,n,n,n,n,n,42 days 00:00:00.000000000,2,51
23,2000,Destiny's Child,Jumpin' Jumpin',3:48,Rock,2000-05-13,2000-08-19,.,.,.,.,.,8,.,9,.,.,.,.,.,.,.,.,.,.,3,.,4,.,a,a,a,a,a,a,a,a,a,a,a,a,a,a,a,a,a,a,a,a,a,a,a,a,a,a,a,a,a,a,a,a,a,a,a,a,a,a,a,a,a,a,a,98 days 00:00:00.000000000,3,74
24,2000,3 Doors Down,Kryptonite,3:53,Rock,2000-04-08,2000-11-11, , , , , ,., ,., , , , , , , , , , ,., ,., ,n,n,n,n,n,n,n,n,n,n,n,n,n,n,n,n,n,n,n,n,n,n,n,n,n,n,n,n,n,n,n,n,n,n,n,n,n,n,n,n,n,n,n,217 days 00:00:00.000000000,3,81
25,2000,Sisqo,Thong Song,4:05,Rock,2000-01-29,2000-05-20, , , , , , , , , , , , , , , , , , , , , , , , , , , , , , , , , , , , , , , , , , , , , , , , , , , , , , , , , , , , , , , , , ,112 days 00:00:00.000000000,3,74
26,2000,"Aguilera, Christina",I Turn To You,4:00,Rock,2000-04-15,2000-07-01, , , , , , , , , , , , , , , , , , , , , , , , , , , , , , , , , , , , , , , , , , , , , , , , , , , , , , , , , , , , , , , , , ,77 days 00:00:00.000000000,3,50
27,2000,"Houston, Whitney",My Love Is Your Love,4:16,Rock,1999-09-04,2000-01-08,5,4,4,2,2,2,1,1, ,1, , , , , , ,1,2, ,4,2,n,4,4,n,n,n,n,n,n,n,n,n,n,n,n,n,n,n,n,n,n,n,n,n,n,n,n,n,n,n,n,n,n,n,n,n,n,n,n,n,n,n,n,n,126 days 00:00:00.000000000,4,81
28,2000,Joe,I Wanna Know,4:57,Rock,2000-01-01,2000-07-01,7,7,5,9,3,2,1,0,9,1,1,1,1,1,4,8,2,2,8,3,5,a,0,1,a,a,a,a,a,a,a,a,a,a,a,a,a,a,a,a,a,a,a,a,a,a,a,a,a,a,a,a,a,a,a,a,a,a,a,a,a,a,a,a,a,182 days 00:00:00.000000000,4,94
29,2000,"Jordan, Montell",Get It On.. Tonite,4:34,Rap,1999-10-23,2000-02-12,.,.,.,.,.,.,.,.,.,.,.,.,.,.,.,.,.,.,.,.,.,n,.,.,n,n,n,n,n,n,n,n,n,n,n,n,n,n,n,n,n,n,n,n,n,n,n,n,n,n,n,n,n,n,n,n,n,n,n,n,n,n,n,n,n,112 days 00:00:00.000000000,4,92
30,2000,N'Sync,Bye Bye Bye,3:15,Rock,2000-01-29,2000-04-15, , , , , , , , , , , , , , , , , , , , , , , , , , , , , , , , , , , , , , , , , , , , , , , , , , , , , , , , , , , , , , , , , ,77 days 00:00:00.000000000,4,42
31,2000,Eminem,The Real Slim Shady,4:42,Rap,2000-05-06,2000-06-24, , , , , , , , , , , , , , , , , , , , , , , , , , , , , , , , , , , , , , , , , , , , , , , , , , , , , , , , , , , , , , , , , ,49 days 00:00:00.000000000,4,70
32,2000,Pink,Most Girls,4:06,Rock,2000-08-12,2000-11-25, , , , , ,1, ,1, , , , , , , , , , , , , , ,1,1,1,1,2,2,3,3,4,4,n,n,n,n,n,n,n,n,n,n,n,n,n,n,n,n,n,n,n,n,n,n,n,n,n,n,n,n,n,n,n,n,n,105 days 00:00:00.000000000,4,85
33,2000,"Mumba, Samantha",Gotta Tell You,3:19,Rock,2000-09-09,2000-12-09,5,5,4,3,2,3,1,6,1, , , , , , , , , ,5,2,5,3,0,3,4,8,3,3,4,7,3,7,a,a,a,a,a,a,a,a,a,a,a,a,a,a,a,a,a,a,a,a,a,a,a,a,a,a,a,a,a,a,a,a,a,91 days 00:00:00.000000000,4,85
34,2000,Blaque,Bring It All To Me,3:46,Pop,1999-10-23,2000-01-22,9,2,3,0,9,.,5,.,0,5,1,1,1,2,2,3,3,7,.,0,.,7,.,.,.,.,.,.,.,.,.,.,n,n,n,n,n,n,n,n,n,n,n,n,n,n,n,n,n,n,n,n,n,n,n,n,n,n,n,n,n,n,n,n,n,91 days 00:00:00.000000000,5,73
35,2000,"Elliott, Missy ""Misdemeanor""",Hot Boyz,3:51,Rap,1999-11-27,2000-01-08,.,.,.,.,., ,., ,.,.,.,.,.,.,.,.,.,., ,., ,., , , , , , , , , , , , , , , , , , , , , , , , , , , , , , , , , , , , , , , , , , , ,42 days 00:00:00.000000000,5,36
36,2000,"Gray, Macy",I Try,3:52,Rock,2000-02-19,2000-05-20, , , , , , , , , , , , , , , , , , , , , , , , , , , , , , , , , , , , , , , , , , , , , , , , , , , , , , , , , , , , , , , , , ,91 days 00:00:00.000000000,5,68
37,2000,N'Sync,This I Promise You,4:23,Rock,2000-09-30,2000-12-02, , , , , ,1, , , , , , , , , , , , ,2, ,n, ,n,n,n,n,n,n,n,n,n,n,n,n,n,n,n,n,n,n,n,n,n,n,n,n,n,n,n,n,n,n,n,n,n,n,n,n,n,n,n,n,n,n,n,63 days 00:00:00.000000000,5,68
38,2000,Ruff Endz,No More,3:56,Rock,2000-07-01,2000-09-02, , , , , ,2, ,8, , , , , , , , , , ,4, ,a, ,a,a,a,a,a,a,a,a,a,a,a,a,a,a,a,a,a,a,a,a,a,a,a,a,a,a,a,a,a,a,a,a,a,a,a,a,a,a,a,a,a,a,a,63 days 00:00:00.000000000,5,76
39,2000,"Backstreet Boys, The",Show Me The Meaning Of Being Lonely,3:54,Rock,2000-01-01,2000-03-18,8,8,4,3,1,.,1,.,1,1,1,1, , , , , , ,., ,n, ,n,n,n,n,n,n,n,n,n,n,n,n,n,n,n,n,n,n,n,n,n,n,n,n,n,n,n,n,n,n,n,n,n,n,n,n,n,n,n,n,n,n,n,77 days 00:00:00.000000000,6,74
40,2000,Nine Days,Absolutely (Story Of A Girl),3:09,Rock,2000-05-06,2000-07-22,3,3,4,8,6, ,6, ,6,8,7,4,1,1,1,2,2,3, ,5, ,7, , , , , , , , , , , , , , , , , , , , , , , , , , , , , , , , , , , , , , , , , , , ,77 days 00:00:00.000000000,6,85
41,2000,"Dion, Celine",That's The Way It Is,4:03,Rock,1999-11-13,2000-03-04,.,.,.,.,., ,., ,.,.,.,.,.,.,.,.,.,., ,., ,., , , , , , , , , , , , , , , , , , , , , , , , , , , , , , , , , , , , , , , , , , , ,112 days 00:00:00.000000000,6,74
42,2000,Blink-182,All The Small Things,2:52,Rock,1999-12-04,2000-02-19, , , , , ,5, , , , , , , , , , , , , , ,1, ,2,3,3,4,n,n,n,n,n,n,n,n,n,n,n,n,n,n,n,n,n,n,n,n,n,n,n,n,n,n,n,n,n,n,n,n,n,n,n,n,n,n,n,77 days 00:00:00.000000000,6,89
43,2000,Eiffel 65,Blue (Da Ba Dee),3:29,Electronica,1999-12-11,2000-01-29, , , , , ,5, ,1, , , , , , , , , , ,9, ,7, ,5,1,2,6,a,a,a,a,a,a,a,a,a,a,a,a,a,a,a,a,a,a,a,a,a,a,a,a,a,a,a,a,a,a,a,a,a,a,a,a,a,a,a,49 days 00:00:00.000000000,6,67
44,2000,"Badu, Erkyah",Bag Lady,5:03,Rock,2000-08-19,2000-10-07, , , , , ,., ,., , , , , , , , , , ,., ,., ,.,.,.,.,n,n,n,n,n,n,n,n,n,n,n,n,n,n,n,n,n,n,n,n,n,n,n,n,n,n,n,n,n,n,n,n,n,n,n,n,n,n,n,49 days 00:00:00.000000000,6,67
45,2000,Pink,There U Go,3:23,Rock,2000-03-04,2000-04-08,6,4,3,2,1, , , , , , , , , , , ,1,1, ,2, ,n, , , , , , , , , , , , , , , , , , , , , , , , , , , , , , , , , , , , , , , , , , , ,35 days 00:00:00.000000000,7,25
46,2000,Creed,Higher,5:16,Rock,1999-09-11,2000-07-22,3,5,4,3,7, ,9, ,8,6,5,4,1,1,1,3,1,4, ,8, ,a, , , , , , , , , , , , , , , , , , , , , , , , , , , , , , , , , , , , , , , , , , , ,315 days 00:00:00.000000000,7,81
47,2000,Nelly,(Hot S**t) Country Grammar,4:17,Rap,2000-04-29,2000-09-16,.,.,.,.,.,3,.,2,.,.,.,.,.,.,.,.,.,.,4,.,n,n,n,n,n,n,n,n,n,4,4,4,2,1,1,1,1,1, , , , , , , , , , , ,1,1,1,2,2,2,2,2,3,3,3,4,4,4,5,n,140 days 00:00:00.000000000,7,100
48,2000,Next,Wifey,4:03,Rock,2000-05-27,2000-09-09, , , , , ,3, ,9, , , , , , , , , , ,3, ,a, ,a,a,a,a,a,a,a,5,5,5,3,7,4,7,8,8,3,1,1,2,3,4,4,5,6,8,9,0,2,5,0,2,2,5,6,1,2,7,2,2,5,0,a,105 days 00:00:00.000000000,7,85
49,2000,Kenny G,Auld Lang Syne (The Millenium Mix),7:50,Jazz,1999-12-25,2000-01-08, , , , , ,., ,., , , , , , , , , , ,., ,n, ,n,n,n,n,n,n,n,.,.,.,.,.,.,.,.,.,.,.,.,.,.,.,.,.,.,.,.,.,.,.,.,.,.,.,.,.,.,.,.,.,.,.,n,14 days 00:00:00.000000000,7,89
50,2000,Sonique,It Feels So Good,3:48,Rock,2000-01-22,2000-04-22, , , , , , , , , , , , , , , , , , , , , , , , , , , , , , , , , , , , , , , , , , , , , , , , , , , , , , , , , , , , , , , , , ,91 days 00:00:00.000000000,8,67
51,2000,"Spears, Britney",Oops!.. I Did It Again,3:30,Rock,2000-04-22,2000-06-10,7,6,6,6,6, , , , , , , , , , , ,1,1, ,1, ,2, , , , , , , , , , , , , , , , , , , , , , , , , , , , , , , , , , , , , , , , , , , ,49 days 00:00:00.000000000,9,67
52,2000,"Backstreet Boys, The",Shape Of My Heart,3:49,Rock,2000-10-14,2000-12-02,7,6,1,1,1,1,2, ,1,2,2,4,5,5,7,8,0,0,1,4,1,0,2,3,4,n,n,n,n,n,n,n,n,n,n,n,n,n,n,n,n,n,n,n,n,n,n,n,n,n,n,n,n,n,n,n,n,n,n,n,n,n,n,n,n,49 days 00:00:00.000000000,9,39
53,2000,Everclear,Wonderful,4:30,Rock,2000-07-08,2000-09-30,.,.,.,.,.,9,.,9,.,.,.,.,.,.,.,.,.,.,3,.,8,.,8,8,8,a,a,a,a,a,a,a,a,a,a,a,a,a,a,a,a,a,a,a,a,a,a,a,a,a,a,a,a,a,a,a,a,a,a,a,a,a,a,a,a,84 days 00:00:00.000000000,11,77
54,2000,Ja Rule,Between Me And You,4:05,Rap,2000-09-16,2000-11-18, , , , , ,., ,., , , , , , , , , , ,., ,., ,.,.,.,n,n,n,n,n,n,n,n,n,n,n,n,n,n,n,n,n,n,n,n,n,n,n,n,n,n,n,n,n,n,n,n,n,n,n,n,n,n,n,n,63 days 00:00:00.000000000,11,85
55,2000,"Rimes, LeAnn",I Need You,3:42,Country,2000-05-27,2000-08-12, , , , , , , , , , , , , , , , , , , , , , , , , , , , , , , , , , , , , , , , , , , , , , , , , , , , , , , , , , , , , , , , , ,77 days 00:00:00.000000000,11,77
56,2000,Smash Mouth,Then The Morning Comes,3:04,Rock,1999-10-30,2000-01-29, , , , , , , , , , , , , , , , , , , , , , , , , , , , , , , , , , , , , , , , , , , , , , , , , , , , , , , , , , , , , , , , , ,91 days 00:00:00.000000000,11,83
57,2000,Jay-Z,I Just Wanna Love U (Give It 2 Me),3:50,Rap,2000-10-28,2000-12-30,8,5,4,3,3,1,2, ,3,2,2,2,2,3,3,3,3,4,1,5,3,n,3,4,n,n,n,n,n,n,n,n,n,n,n,n,n,n,n,n,n,n,n,n,n,n,n,n,n,n,n,n,n,n,n,n,n,n,n,n,n,n,n,n,n,63 days 00:00:00.000000000,11,58
58,2000,Jagged Edge,Let's Get Married,4:23,Rock,2000-05-06,2000-07-29,1,4,4,9,8,3,9,1,2,7,6,4,7,2,3,5,5,0,8,0,0,a,9,4,a,a,a,a,a,a,a,a,a,a,a,a,a,a,a,a,a,a,a,a,a,a,a,a,a,a,a,a,a,a,a,a,a,a,a,a,a,a,a,a,a,84 days 00:00:00.000000000,11,77
59,2000,Filter,Take A Picture,4:23,Rock,1999-11-27,2000-02-05,.,.,.,.,.,.,.,.,.,.,.,.,.,.,.,.,.,.,.,.,.,n,.,.,n,n,n,n,n,n,n,n,n,n,n,n,n,n,n,n,n,n,n,n,n,n,n,n,n,n,n,n,n,n,n,n,n,n,n,n,n,n,n,n,n,70 days 00:00:00.000000000,12,91
60,2000,"Martin, Ricky",She Bangs,4:02,Latin,2000-10-07,2000-12-02, , , , , , , , , , , , , , , , , , , , , , , , , , , , , , , , , , , , , , , , , , , , , , , , , , , , , , , , , , , , , , , , , ,56 days 00:00:00.000000000,12,38
61,2000,Mystikal,Shake Ya Ass,4:46,Rap,2000-08-12,2000-10-28, , , , , , , , , , , , , , , , , , , , , , , , , , , , , , , , , , , , , , , , , , , , , , , , , , , , , , , , , , , , , , , , , ,77 days 00:00:00.000000000,13,97
62,2000,BBMak,Back Here,3:35,Rock,2000-04-29,2000-07-29, , , , , ,3, ,2, , , , , , , , , , , , , , , , , , , , , , , ,1,1,2,2,2,3,4,5,4,5,n,n,n,n,n,n,n,n,n,n,n,n,n,n,n,n,n,n,n,n,n,n,n,n,91 days 00:00:00.000000000,13,99
63,2000,"Spears, Britney",From The Bottom Of My Broken Heart,4:30,Rock,2000-01-29,2000-02-26,8,7,5,3,2,3,1,6, , , , , , , , , ,1,7,1,8,2,3,6,6,1,2,3,4,7,9,0,8,0,7,9,6,0,0,7,0,a,a,a,a,a,a,a,a,a,a,a,a,a,a,a,a,a,a,a,a,a,a,a,a,28 days 00:00:00.000000000,14,76
64,2000,Third Eye Blind,Never Let You Go,3:57,Rock,2000-01-22,2000-04-01,2,0,1,9,6,.,5,.,7,7,5,4,1,1,3,4,6,0,.,5,.,3,.,.,.,.,.,.,.,.,.,.,.,.,.,.,.,.,.,.,.,n,n,n,n,n,n,n,n,n,n,n,n,n,n,n,n,n,n,n,n,n,n,n,n,70 days 00:00:00.000000000,14,65
65,2000,Red Hot Chili Peppers,Otherside,4:13,Rock,2000-02-12,2000-05-27,.,.,.,.,., ,., ,.,.,.,.,.,.,.,.,.,., ,., ,., , , , , , , , , , , , , , , , , , , , , , , , , , , , , , , , , , , , , , , , , , , ,105 days 00:00:00.000000000,14,80
66,2000,Profyle,Liar,3:57,R&B,2000-09-16,2000-10-28, , , , , , , , , , , , , , , , , , , , , , , , , , , , , , , , , , , , , , , , , , , , , , , , , , , , , , , , , , , , , , , , , ,42 days 00:00:00.000000000,14,52
67,2000,Barenaked Ladies,Pinch Me,3:46,Rock,2000-09-09,2000-11-25, , , , , ,6, ,7, , , , , , , , , , ,1, ,1, , , , , , , , , , , , , , , , , ,1,1,1,1,2,2,2,3,4,n,n,n,n,n,n,n,n,n,n,n,n,n,n,n,n,n,n,77 days 00:00:00.000000000,15,77
68,2000,Jagged Edge,He Can't Love U,3:30,Rock,1999-12-11,2000-01-08, , , , , ,8, ,5, , , , , , , , , , ,9, ,0, ,5,3,3,3,1,2,2,3,3,3,4,5,5,5,5,9,2,3,3,7,2,6,8,7,1,a,a,a,a,a,a,a,a,a,a,a,a,a,a,a,a,a,a,28 days 00:00:00.000000000,15,54
69,2000,504 Boyz,Wobble Wobble,3:35,Rap,2000-04-15,2000-05-06,7,5,2,1,1,.,1,., , , , , , ,1,1,1,1,.,2,.,4,.,.,.,.,.,.,.,.,.,.,.,.,.,.,.,.,.,.,.,.,.,.,.,.,.,n,n,n,n,n,n,n,n,n,n,n,n,n,n,n,n,n,n,21 days 00:00:00.000000000,17,57
70,2000,Sting,Desert Rose,3:52,Rock,2000-05-13,2000-08-26,1,1,8,8,3, ,1, ,1,2,2,3,3,4,2,1,3,5, ,0, ,0, , , , , , , , , , , , , , , , , , , , , , , , , , , , , , , , , , , , , , , , , , , ,105 days 00:00:00.000000000,17,98
71,2000,Jay-Z,Big Pimpin',3:55,Rap,2000-04-22,2000-07-08,.,.,.,.,., ,., ,.,.,.,.,.,.,.,.,.,., ,., ,., , , , , , , , , , , , , , , , , , , , , , , , , , , , , , , , , , , , , , , , , , , ,77 days 00:00:00.000000000,18,69
72,2000,Kid Rock,Only God Knows Why,5:27,Rock,2000-02-19,2000-04-15,"
","
","
","
","
",1,"
",1,"
","
","
","
","
","
","
","
","
","
", ,"
", ,"
", , ,1,1,1,2,2,3,3,4,n,n,n,n,n,n,n,n,n,n,n,n,n,n,n,n,n,n,n,n,n,n,n,n,n,n,n,n,n,n,n,n,n,56 days 00:00:00.000000000,19,63
73,2000,Foo Fighters,Learn To Fly,3:55,Rock,1999-10-16,2000-01-22, , , , , ,8, ,4, , , , , , , , , , ,3, ,5, ,6,9,3,4,6,3,2,3,6,3,a,a,a,a,a,a,a,a,a,a,a,a,a,a,a,a,a,a,a,a,a,a,a,a,a,a,a,a,a,a,a,a,a,98 days 00:00:00.000000000,19,80
74,2000,"Dixie Chicks, The",Goodbye Earl,4:19,Country,2000-03-18,2000-05-06, , , , , ,., ,., , , , , , , , , , ,., ,., ,.,.,.,.,.,.,.,.,.,.,n,n,n,n,n,n,n,n,n,n,n,n,n,n,n,n,n,n,n,n,n,n,n,n,n,n,n,n,n,n,n,n,n,49 days 00:00:00.000000000,19,40
75,2000,Guy,Dancin',4:08,R&B,1999-12-18,2000-01-01, , , , , ,"
", ,"
", , , , , , , , , , ,"
", ,"
", ,"
","
","
","
","
","
","
","
","
","
","
","
","
","
","
","
","
","
","
","
","
","
","
","
","
","
","
","
","
","
","
","
","
","
","
","
","
","
","
","
","
","
","
",14 days 00:00:00.000000000,19,46
76,2000,Lil Bow Wow,Bounce With Me,3:22,Rap,2000-08-19,2000-09-16,7,6,5,4,4, ,3, ,2,1,1,1,1, , , , , , , , , , , , , , , , , , , , , , , , , , , , , , , , , , , , , , , , , , , , , , , , , , , , ,28 days 00:00:00.000000000,20,48
77,2000,Westlife,Swear It Again,4:07,Rock,2000-04-01,2000-07-01,0,1,3,6,0, ,1, ,2,9,7,5,3,9,9,8,8,6, ,7, ,3, , , , , , , , , , , , , , , , , , , , , , , , , , , , , , , , , , , , , , , , , , , ,91 days 00:00:00.000000000,20,96
78,2000,Train,Meet Virginia,3:55,Rock,1999-10-09,2000-01-22,.,.,.,.,.,2,.,1,.,.,.,.,.,.,.,.,.,., ,., ,., , ,1,1,1,2,2,2,2,2,2,3,3,3,3,3,4,n,n,n,n,n,n,n,n,n,n,n,n,n,n,n,n,n,n,n,n,n,n,n,n,n,n,105 days 00:00:00.000000000,20,76
79,2000,"Thomas, Carl",I Wish,3:50,Rock,2000-03-25,2000-05-13, , , , , ,1, ,6, , , , , , , , , , ,4, ,4, ,6,9,2,3,9,0,0,4,9,8,7,0,3,7,8,8,8,a,a,a,a,a,a,a,a,a,a,a,a,a,a,a,a,a,a,a,a,a,a,a,a,a,a,49 days 00:00:00.000000000,20,75
80,2000,Hanson,This Time Around,4:14,Country,2000-04-22,2000-05-06, , , , , ,., ,., , , , , , , , , , ,., ,., ,.,.,.,.,.,.,.,.,.,.,.,.,.,.,.,.,.,n,n,n,n,n,n,n,n,n,n,n,n,n,n,n,n,n,n,n,n,n,n,n,n,n,n,14 days 00:00:00.000000000,20,22
81,2000,"Simpson, Jessica",I Think I'm In Love With You,3:32,Pop,2000-07-01,2000-08-12, , , , , , , , , , , , , , , , , , , , , , , , , , , , , , , , , , , , , , , , , , , , , , , , , , , , , , , , , , , , , , , , , ,42 days 00:00:00.000000000,21,63
82,2000,Ludacris,What's Your Fantasy,4:16,Rap,2000-09-30,2000-12-16,8,7,7,7,7, ,7, ,6,7,7,7,8,8,7,6,4,2, ,1, , , , , , , , , , , , , , , , , , , , , , , , , , , , , , , , , , , , , , , , , , , , , ,77 days 00:00:00.000000000,21,89
83,2000,Lil' Zane,Callin' Me,3:43,Rap,2000-07-29,2000-09-02,4,8,6,4,0,3,4,2,9,4,0,9,4,6,6,2,5,9,8,1,n,7,n,n,n,n,n,n,n,n,n,n,n,n,n,n,n,n,n,n,n,n,n,n,n,n,n,n,n,n,n,n,n,n,n,n,n,n,n,n,n,n,n,n,n,35 days 00:00:00.000000000,21,83
84,2000,M2M,Don't Say You Love Me,3:41,Pop,1999-11-20,2000-01-08,.,.,.,.,.,7,.,2,.,.,.,.,.,.,.,.,.,.,2,.,a,.,a,a,a,a,a,a,a,a,a,a,a,a,a,a,a,a,a,a,a,a,a,a,a,a,a,a,a,a,a,a,a,a,a,a,a,a,a,a,a,a,a,a,a,49 days 00:00:00.000000000,21,72
85,2000,SoulDecision,Faded,3:25,Rock,2000-07-08,2000-09-09, , , , , ,., ,., , , , , , , , , , ,., ,n, ,n,n,n,n,n,n,n,n,n,n,n,n,n,n,n,n,n,n,n,n,n,n,n,n,n,n,n,n,n,n,n,n,n,n,n,n,n,n,n,n,n,n,n,63 days 00:00:00.000000000,22,94
86,2000,"Brock, Chad",Yes!,3:22,Country,2000-04-08,2000-07-01, , , , , , , , , , , , , , , , , , , , , , , , , , , , , , , , , , , , , , , , , , , , , , , , , , , , , , , , , , , , , , , , , ,84 days 00:00:00.000000000,22,90
87,2000,"Martin, Ricky",Shake Your Bon-Bon,3:08,Latin,1999-11-20,2000-02-12, , , , , , , , , , , , , , , , , , , , , , , , , , , , , , , , , , , , , , , , , , , , , , , , , , , , , , , , , , , , , , , , , ,84 days 00:00:00.000000000,22,74
88,2000,Vertical Horizon,You're A God,3:45,Rock,2000-08-26,2000-11-04,5,5,3,2,2,3,1,2,1,1, , , , , , , , , , , , , , , , , , , , , , , , , ,1,1,1,1,2,2,2,2,3,3,3,3,3,4,4,4,4,4,n,n,n,n,n,n,n,n,n,n,n,n,70 days 00:00:00.000000000,23,64
89,2000,Avant,Separated,4:13,Rock,2000-04-29,2000-05-20,9,3,8,8,1,5,6,8,2,0,9,8,6,1,2,2,2,2,3,4,4,5,3,3,2,2,3,3,2,2,3,4,2,5,8,1,3,4,8,2,3,2,4,0,1,1,8,9,2,9,9,8,7,a,a,a,a,a,a,a,a,a,a,a,a,21 days 00:00:00.000000000,23,62
90,2000,"Rimes, LeAnn",Big Deal,3:03,Country,1999-10-16,2000-01-01,.,.,.,.,.,.,.,.,.,.,.,.,.,.,.,.,.,.,.,.,.,.,.,.,.,.,.,.,.,.,.,.,.,.,.,.,.,.,.,.,.,.,.,.,.,.,.,.,.,.,.,.,.,n,n,n,n,n,n,n,n,n,n,n,n,77 days 00:00:00.000000000,23,71
91,2000,IMx,Stay The Night,3:37,Rap,1999-10-09,2000-01-08, , , , , , , , , , , , , , , , , , , , , , , , , , , , , , , , , , , , , , , , , , , , , , , , , , , , , , , , , , , , , , , , , ,91 days 00:00:00.000000000,23,84
92,2000,Dr. Dre,The Next Episode,2:38,Rap,2000-05-27,2000-07-29, , , , , , , , , , , , , , , , , , , , , , , , , , , , , , , , , , , , , , , , , , , , , , , , , , , , , , , , , , , , , , , , , ,63 days 00:00:00.000000000,23,78
93,2000,"Spears, Britney",Lucky,3:23,Rock,2000-08-12,2000-09-09, , , , , ,3, ,1, , , , , , , , , , , , , , , , ,1,1,1,2,2,3,n,n,n,n,n,n,n,n,n,n,n,n,n,n,n,n,n,n,n,n,n,n,n,n,n,n,n,n,n,n,n,n,n,n,n,28 days 00:00:00.000000000,23,61
94,2000,Savage Garden,Crash And Burn,4:41,Rock,2000-04-08,2000-05-27,6,3,2,2,2,1,1,8,1,1, , , , , , , , ,3, ,4, ,4,8,1,5,9,4,3,5,a,a,a,a,a,a,a,a,a,a,a,a,a,a,a,a,a,a,a,a,a,a,a,a,a,a,a,a,a,a,a,a,a,a,a,49 days 00:00:00.000000000,24,75
95,2000,Kandi,Don't Think I'm Not,3:50,Rock,2000-08-05,2000-10-07,0,7,9,4,2,.,8,.,3,2,8,6,1,2,3,2,2,3,.,5,.,4,.,.,.,.,.,.,.,.,n,n,n,n,n,n,n,n,n,n,n,n,n,n,n,n,n,n,n,n,n,n,n,n,n,n,n,n,n,n,n,n,n,n,n,63 days 00:00:00.000000000,24,66
96,2000,Sammie,I Like It,4:09,Rock,2000-01-29,2000-04-15,.,.,.,.,., ,., ,.,.,.,.,.,.,.,.,.,., ,., ,., , , , , , , , , , , , , , , , , , , , , , , , , , , , , , , , , , , , , , , , , , , ,77 days 00:00:00.000000000,24,85
97,2000,Goo Goo Dolls,Broadway,3:54,Rock,2000-04-22,2000-07-01, , , , , , , , , , , , , , , , , , , , , , , , , , , , , , , , , , , , , , , , , , , , , , , , , , , , , , , , , , , , , , , , , ,70 days 00:00:00.000000000,24,74
98,2000,"Moore, Mandy",I Wanna Be With You,4:12,Pop,2000-06-17,2000-08-12, , , , , ,4, ,2, , , , , , , , , , , , ,1, ,1,1,2,2,3,4,n,n,n,n,n,n,n,n,n,n,n,n,n,n,n,n,n,n,n,n,n,n,n,n,n,n,n,n,n,n,n,n,n,n,n,n,n,56 days 00:00:00.000000000,24,69
99,2000,Dr. Dre,Forgot About Dre,3:42,Rap,2000-01-22,2000-03-25, , , , , ,2, ,7, , , , , , , , , , ,7, ,0, ,0,9,3,8,8,6,a,a,a,a,a,a,a,a,a,a,a,a,a,a,a,a,a,a,a,a,a,a,a,a,a,a,a,a,a,a,a,a,a,a,a,a,a,63 days 00:00:00.000000000,25,75
100,2000,D'Angelo,Untitled (How Does It Feel),7:10,R&B,2000-01-22,2000-02-19,8,6,5,5,4,.,2,.,2, , , , ,1,2,2,4,5,.,8,.,n,.,.,.,.,.,.,n,n,n,n,n,n,n,n,n,n,n,n,n,n,n,n,n,n,n,n,n,n,n,n,n,n,n,n,n,n,n,n,n,n,n,n,n,28 days 00:00:00.000000000,25,77
101,2000,"Messina, Jo Dee",That's The Way,3:17,Country,2000-06-24,2000-08-26,2,8,0,0,1, ,6, ,2,2,1,2,4,3,1,8,3,7, ,9, ,a, , , , , , , , , , , , , , , , , , , , , , , , , , , , , , , , , , , , , , , , , , , ,63 days 00:00:00.000000000,25,78
102,2000,Avant,My First Love,4:28,Rock,2000-11-04,2000-12-16,.,.,.,.,., ,., ,.,.,.,.,.,.,.,.,.,., ,., ,n, , , , , , , , , , , , , , , , , , , , , , , , , , , , , , , , , , , , , , , , , , , ,42 days 00:00:00.000000000,26,70
103,2000,Son By Four,A Puro Dolor (Purest Of Pain),3:30,Latin,2000-04-08,2000-08-19, , , , , ,2, , , , , , , , , , , , ,1, ,1, ,1,1,1,1,1,1,1,1,2,2,3,3,3,4,4,n,n,n,n,n,n,n,n,n,n,n,n,n,n,n,n,n,n,n,n,n,n,n,n,n,n,n,n,133 days 00:00:00.000000000,26,80
104,2000,Da Brat,What'Chu Like,3:57,Rap,2000-06-03,2000-08-12, , , , , ,4, ,2, , , , , , , , , , ,2, ,1, ,3,3,5,6,4,3,7,9,3,9,7,3,4,1,8,a,a,a,a,a,a,a,a,a,a,a,a,a,a,a,a,a,a,a,a,a,a,a,a,a,a,a,a,70 days 00:00:00.000000000,26,71
105,2000,DMX,Party Up (Up In Here),3:45,Rap,2000-02-26,2000-04-22, , , , , ,., ,., , , , , , , , , , ,., ,., ,.,.,.,.,.,.,.,.,.,.,.,.,.,.,.,n,n,n,n,n,n,n,n,n,n,n,n,n,n,n,n,n,n,n,n,n,n,n,n,n,n,n,n,56 days 00:00:00.000000000,27,88
106,2000,"Dixie Chicks, The",Cowboy Take Me Away,4:51,Country,1999-11-27,2000-01-29,8,6,6,5,4, ,2, ,2,4,3,2,2,2,2,2, , , , , , , , , , , , , , , , , , , , , , , , , , , , , , , , , , , , , , , , , , , , , , , , , ,63 days 00:00:00.000000000,27,79
107,2000,"McGraw, Tim",My Next Thirty Years,3:37,Country,2000-10-21,2000-12-16,1,8,2,1,2, ,8, ,8,3,0,3,3,1,1,1,5,3, ,4, ,3, , , , , , , , , , , , , , , , , , , , , , , , , , , , , , , , , , , , , , , , , , , ,56 days 00:00:00.000000000,27,73
108,2000,"Tritt, Travis",Best Of Intentions,4:15,Country,2000-08-19,2000-12-02,.,.,.,.,.,2,.,1,.,.,.,.,.,.,.,.,.,., ,.,1,.,2,2,2,2,2,2,3,3,4,4,n,n,n,n,n,n,n,n,n,n,n,n,n,n,n,n,n,n,n,n,n,n,n,n,n,n,n,n,n,n,n,n,n,105 days 00:00:00.000000000,27,97
109,2000,Alice Deejay,Better Off Alone,6:50,Electronica,2000-04-08,2000-06-03, , , , , ,7, ,8, , , , , , , , , , ,9, ,2, ,0,0,2,5,6,9,5,3,0,4,a,a,a,a,a,a,a,a,a,a,a,a,a,a,a,a,a,a,a,a,a,a,a,a,a,a,a,a,a,a,a,a,a,56 days 00:00:00.000000000,27,79
110,2000,Hoku,Another Dumb Blonde,3:47,Pop,2000-02-19,2000-04-08, , , , , ,., ,., , , , , , , , , , ,., ,., ,.,.,.,.,.,.,.,.,.,.,n,n,n,n,n,n,n,n,n,n,n,n,n,n,n,n,n,n,n,n,n,n,n,n,n,n,n,n,n,n,n,n,n,49 days 00:00:00.000000000,27,69
111,2000,"Houston, Whitney",I Learned From The Best,4:18,Rock,2000-02-19,2000-03-25, , , , , , , , , , , , , , , , , , , , , , , , , , , , , , , , , , , , , , , , , , , , , , , , , , , , , , , , , , , , , , , , , ,35 days 00:00:00.000000000,27,83
112,2000,Counting Crows,Hanginaround,4:07,Rock,1999-11-06,2000-01-29,7,5,5,4,4, ,2, ,1,1,1,1, , , , , , , , , , , , , , , , , , , , , , , , , , , , , , , , , , , , , , , , , , , , , , , , , , , , , ,84 days 00:00:00.000000000,28,84
113,2000,Mary Mary,Shackles (Praise You),3:12,Rock,2000-03-25,2000-05-13,2,7,2,7,2,1,4, ,7,7,7,0,9,9,7,2,2,2,9,4,n,4,n,n,n,n,n,n,n,n,n,n,n,n,n,n,n,n,n,n,n,n,n,n,n,n,n,n,n,n,n,n,n,n,n,n,n,n,n,n,n,n,n,n,n,49 days 00:00:00.000000000,28,90
114,2000,"Carey, Mariah",Crybaby,5:19,Rock,2000-06-24,2000-06-24,.,.,.,.,.,9,.,2,.,.,.,.,.,.,.,.,.,.,3,.,a,.,a,a,a,a,a,a,a,a,a,a,a,a,a,a,a,a,a,a,a,a,a,a,a,a,a,a,a,a,a,a,a,a,a,a,a,a,a,a,a,a,a,a,a,0 days 00:00:00.000000000,28,28
115,2000,"McGraw, Tim",My Best Friend,4:33,Country,1999-11-27,2000-01-29, , , , , ,., ,., , , , , , , , , , ,., ,n, ,n,n,n,n,n,n,n,n,n,n,n,n,n,n,n,n,n,n,n,n,n,n,n,n,n,n,n,n,n,n,n,n,n,n,n,n,n,n,n,n,n,n,n,63 days 00:00:00.000000000,29,85
116,2000,Sugar Ray,Falls Apart,4:15,Rock,2000-01-15,2000-02-19, , , , , , , , , , , , , , , , , , , , , , , , , , , , , , , , , , , , , , , , , , , , , , , , , , , , , , , , , , , , , , , , , ,35 days 00:00:00.000000000,29,70
117,2000,Madonna,American Pie,4:30,Rock,2000-02-19,2000-03-04, , , , , , , , , , , , , , , , , , , , , , , , , , , , , , , , , , , , , , , , , , , , , , , , , , , , , , , , , , , , , , , , , ,14 days 00:00:00.000000000,29,43
118,2000,"Jones, Donell",Where I Wanna Be,6:22,Rock,2000-04-22,2000-07-08,9,9,8,5,4,5,3,3,1,1,1, , , , , , , , , , ,1, , , , ,1,1,2,3,3,3,n,n,n,n,n,n,n,n,n,n,n,n,n,n,n,n,n,n,n,n,n,n,n,n,n,n,n,n,n,n,n,n,n,77 days 00:00:00.000000000,29,81
119,2000,"Paisley, Brad",We Danced,3:45,Country,2000-10-14,2000-12-16,9,2,1,9,7,0,2,7,8,8,1,8,5,2,2,3,3,3,3,9,4,1,6,7,6,8,0,5,4,0,5,9,a,a,a,a,a,a,a,a,a,a,a,a,a,a,a,a,a,a,a,a,a,a,a,a,a,a,a,a,a,a,a,a,a,63 days 00:00:00.000000000,29,71
120,2000,Lonestar,What About Now,3:30,Country,2000-06-10,2000-08-19,.,.,.,.,.,.,.,.,.,.,.,.,.,.,.,.,.,.,.,.,.,.,.,.,.,.,.,.,.,.,.,.,n,n,n,n,n,n,n,n,n,n,n,n,n,n,n,n,n,n,n,n,n,n,n,n,n,n,n,n,n,n,n,n,n,70 days 00:00:00.000000000,30,78
121,2000,"Backstreet Boys, The",The One,3:46,Rock,2000-05-27,2000-07-01, , , , , , , , , , , , , , , , , , , , , , , , , , , , , , , , , , , , , , , , , , , , , , , , , , , , , , , , , , , , , , , , , ,35 days 00:00:00.000000000,30,58
122,2000,"Keith, Toby",How Do You Like Me Now?!,3:29,Country,2000-01-29,2000-04-08, , , , , , , , , , , , , , , , , , , , , , , , , , , , , , , , , , , , , , , , , , , , , , , , , , , , , , , , , , , , , , , , , ,70 days 00:00:00.000000000,31,77
123,2000,"Strait, George",The Best Day,3:24,Country,2000-01-29,2000-04-22, , , , , ,5, ,5, , , , , , , , , , ,1, ,1, , , , , , , , , , , , , , , , , , ,1,1,1,1,1,1,2,2,2,2,3,4,4,4,n,n,n,n,n,n,n,n,n,n,n,n,84 days 00:00:00.000000000,31,73
124,2000,"Dixie Chicks, The",Without You,3:32,Country,2000-10-07,2000-12-23,6,5,4,3,3,7, ,3, , , , ,1,1,1,1,1,1,8,1,2,1,6,6,6,5,5,4,4,4,4,3,3,3,4,5,5,9,9,5,4,3,4,6,7,1,2,4,8,3,2,2,9,a,a,a,a,a,a,a,a,a,a,a,a,77 days 00:00:00.000000000,31,80
125,2000,Musiq,Just Friends (Sunny),4:02,Rap,2000-10-14,2000-12-30,3,5,8,9,5,.,3,.,2,4,4,5,1,2,6,5,4,4,.,0,.,3,.,.,.,.,.,.,.,.,.,.,.,.,.,.,.,.,.,.,.,.,.,.,.,.,.,.,.,.,.,.,.,n,n,n,n,n,n,n,n,n,n,n,n,77 days 00:00:00.000000000,31,89
126,2000,"McEntire, Reba",What Do You Say,3:26,Country,1999-10-30,2000-01-29,.,.,.,.,., ,., ,.,.,.,.,.,.,.,.,.,., ,., ,., , , , , , , , , , , , , , , , , , , , , , , , , , , , , , , , , , , , , , , , , , , ,91 days 00:00:00.000000000,31,88
127,2000,"Braxton, Toni",Just Be A Man About It,4:10,Rock,2000-07-29,2000-09-02, , , , , , , , , , , , , , , , , , , , , , , , , , , , , , , , , , , , , , , , , , , , , , , , , , , , , , , , , , , , , , , , , ,35 days 00:00:00.000000000,32,76
128,2000,"Iglesias, Enrique",Rhythm Divine,7:35,Latin,1999-12-04,2000-01-22, , , , , ,2, ,1, , , , , , , , , , , , , , ,1,1,2,3,4,4,n,n,n,n,n,n,n,n,n,n,n,n,n,n,n,n,n,n,n,n,n,n,n,n,n,n,n,n,n,n,n,n,n,n,n,n,n,49 days 00:00:00.000000000,32,90
129,2000,"Fabian, Lara",I Will Love Again,3:43,Pop,2000-06-10,2000-08-12, , , , , ,3, ,6, , , , , , , , , , ,4, ,7, ,3,7,4,1,3,6,a,a,a,a,a,a,a,a,a,a,a,a,a,a,a,a,a,a,a,a,a,a,a,a,a,a,a,a,a,a,a,a,a,a,a,a,a,63 days 00:00:00.000000000,32,91
130,2000,Bon Jovi,It's My Life,3:44,Rock,2000-08-12,2000-09-30,7,5,5,4,3,.,2,.,1,1,1,1,1, , , , , ,.,1,.,1,.,.,.,.,.,.,n,n,n,n,n,n,n,n,n,n,n,n,n,n,n,n,n,n,n,n,n,n,n,n,n,n,n,n,n,n,n,n,n,n,n,n,n,49 days 00:00:00.000000000,33,64
131,2000,"Evans, Sara",Born To Fly,5:36,Country,2000-10-21,2000-12-30,7,4,0,3,0, ,1, ,5,3,3,3,3,5,2,2,5,7, ,2, ,6, , , , , , , , , , , , , , , , , , , , , , , , , , , , , , , , , , , , , , , , , , , ,70 days 00:00:00.000000000,34,77
132,2000,"Chesney, Kenny",I Lost It,3:54,Country,2000-10-21,2000-12-23,.,.,.,.,., ,., ,.,.,.,.,.,.,.,.,.,., ,., ,., , , , , , , , , , , , , , , , , , , , , , , , , , , , , , , , , , , , , , , , , , , ,63 days 00:00:00.000000000,34,75
133,2000,J-Shin,One Night Stand,4:34,R&B,1999-12-25,2000-02-26, , , , , ,1, ,1, , , , , , , , , , ,2, ,4, ,n,n,n,n,n,n,n,n,n,n,n,n,n,n,n,n,n,n,n,n,n,n,n,n,n,n,n,n,n,n,n,n,n,n,n,n,n,n,n,n,n,n,n,63 days 00:00:00.000000000,34,96
134,2000,Eve,Love Is Blind,3:51,Rap,2000-01-08,2000-02-19, , , , , ,9, ,7, , , , , , , , , , ,9, ,3, ,a,a,a,a,a,a,a,a,a,a,a,a,a,a,a,a,a,a,a,a,a,a,a,a,a,a,a,a,a,a,a,a,a,a,a,a,a,a,a,a,a,a,a,42 days 00:00:00.000000000,34,94
135,2000,Aaliyah,I Don't Wanna,4:15,Rock,2000-01-29,2000-03-04, , , , , ,., ,., , , , , , , , , , ,., ,., ,n,n,n,n,n,n,n,n,n,n,n,n,n,n,n,n,n,n,n,n,n,n,n,n,n,n,n,n,n,n,n,n,n,n,n,n,n,n,n,n,n,n,n,35 days 00:00:00.000000000,35,84
136,2000,"Montgomery, John Michael",The Little Girl,3:52,Country,2000-09-09,2000-10-28,5,3,3,2,2, , , , , , ,2,2,3,4,6,6,8, ,9, ,n, , , , , , , , , , , , , , , , , , , , , , , , , , , , , , , , , , , , , , , , , , , ,49 days 00:00:00.000000000,35,81
137,2000,"Carter, Aaron",Aaron's Party (Come Get It),3:23,R&B,2000-08-26,2000-09-16,1,9,4,6,6, ,2, ,3,6,7,2,9,6,7,7,6,4, ,4, ,a, , , , , , , , , , , , , , , , , , , , , , , , , , , , , , , , , , , , , , , , , , , ,21 days 00:00:00.000000000,35,99
138,2000,"Vassar, Phil",Just Another Day In Paradise,3:54,Country,2000-09-30,2000-12-02,.,.,.,.,., ,., ,.,.,.,.,.,.,.,.,.,., ,.,1,n,1,2,2,2,3,4,n,n,n,n,n,n,n,n,n,n,n,n,n,n,n,n,n,n,n,n,n,n,n,n,n,n,n,n,n,n,n,n,n,n,n,n,n,63 days 00:00:00.000000000,35,81
139,2000,Ice Cube,You Can Do It,4:20,Rap,1999-12-04,2000-01-15, , , , , ,9, ,7, , , , , , , , , , ,4, ,0, ,1,0,2,7,4,9,a,a,a,a,a,a,a,a,a,a,a,a,a,a,a,a,a,a,a,a,a,a,a,a,a,a,a,a,a,a,a,a,a,a,a,a,a,42 days 00:00:00.000000000,35,86
140,2000,"Wills, Mark",Back At One,4:00,Country,2000-01-15,2000-02-26, , , , , ,., ,., , , , , , , , , , ,., ,., ,.,.,.,.,.,.,n,n,n,n,n,n,n,n,n,n,n,n,n,n,n,n,n,n,n,n,n,n,n,n,n,n,n,n,n,n,n,n,n,n,n,n,n,42 days 00:00:00.000000000,36,89
141,2000,Lucy Pearl,Dance Tonight,3:45,R&B,2000-05-20,2000-07-29, , , , , , , , , , , , , , , , , , , , , , , , , , , , , , , , , , , , , , , , , , , , , , , , , , , , , , , , , , , , , , , , , ,70 days 00:00:00.000000000,36,80
142,2000,"Jackson, Alan",It Must Be Love,2:53,Country,2000-06-24,2000-09-02,7,7,6,6,5, ,4, ,2,1,1, , , , , , , , , , , , , , , , , , , , , , , , , , , , , , , , , , , , , , , , , , , , , , , , , , , , , , ,70 days 00:00:00.000000000,37,76
143,2000,"Griggs, Andy",She's More,3:19,Country,2000-03-11,2000-06-10,4,1,5,2,7,3,0,2,2,8,3,8,6,4,3,4,3,3,1,3,1,4,1,1,1, , , , , , , , , , , , , , ,1,1,2,3,4,n,n,n,n,n,n,n,n,n,n,n,n,n,n,n,n,n,n,n,n,n,91 days 00:00:00.000000000,37,81
144,2000,No Doubt,Simple Kind Of Life,4:11,Rock,2000-07-01,2000-07-22,.,.,.,.,.,3,.,8,.,.,.,.,.,.,.,.,.,.,1,.,1,.,0,2,0,6,4,5,4,5,5,7,6,8,5,6,9,9,8,4,6,0,2,5,a,a,a,a,a,a,a,a,a,a,a,a,a,a,a,a,a,a,a,a,a,21 days 00:00:00.000000000,38,50
145,2000,"Jean, Wyclef",911,4:00,Rap,2000-10-07,2000-11-25,"
","
","
","
","
",.,"
",.,"
","
","
","
","
","
","
","
","
","
",.,"
",.,"
",.,.,.,.,.,.,.,.,.,.,.,.,.,.,.,.,.,.,.,.,.,.,n,n,n,n,n,n,n,n,n,n,n,n,n,n,n,n,n,n,n,n,n,49 days 00:00:00.000000000,38,77
146,2000,Rascal Flatts,Prayin' For Daylight,3:36,Country,2000-05-06,2000-08-12, , , , , , , , , , , , , , , , , , , , , , , , , , , , , , , , , , , , , , , , , , , , , , , , , , , , , , , , , , , , , , , , , ,98 days 00:00:00.000000000,38,87
147,2000,Vitamin C,Graduation (Friends Forever),4:23,Rock,2000-04-15,2000-06-10, , , , , , , , , , , , , , , , , , , , , , , , , , , , , , , , , , , , , , , , , , , , , , , , , , , , , , , , , , , , , , , , , ,56 days 00:00:00.000000000,38,81
148,2000,"Gilman, Billy",One Voice,4:07,Country,2000-06-17,2000-09-02, , , , , ,6, ,4, , , , , , , , , , , , , , , , , ,1,1,1,1,2,3,4,n,n,n,n,n,n,n,n,n,n,n,n,n,n,n,n,n,n,n,n,n,n,n,n,n,n,n,n,n,n,n,n,n,77 days 00:00:00.000000000,38,86
149,2000,Lonestar,Smile,3:33,Country,1999-12-18,2000-02-12,8,7,6,6,6,1,5,3,5,5,5,5,4,4,3,2,2,1,7,1,5, ,9,7,9,0,0,5,8,3,0,2,a,a,a,a,a,a,a,a,a,a,a,a,a,a,a,a,a,a,a,a,a,a,a,a,a,a,a,a,a,a,a,a,a,56 days 00:00:00.000000000,39,89
150,2000,"Rogers, Kenny",Buy Me A Rose,3:46,Country,2000-03-11,2000-05-06,1,0,8,7,6,.,4,.,1,1,1,1,7,4,8,8,2,8,.,4,.,7,.,.,.,.,.,.,.,.,.,.,n,n,n,n,n,n,n,n,n,n,n,n,n,n,n,n,n,n,n,n,n,n,n,n,n,n,n,n,n,n,n,n,n,56 days 00:00:00.000000000,40,79
151,2000,"Lawrence, Tracy",Lessons Learned,2:55,Country,2000-01-29,2000-04-08,.,.,.,.,.,"
",.,"
",.,.,.,.,.,.,.,.,.,.,"
",.,"
",.,"
","
","
","
","
","
","
","
","
","
","
","
","
","
","
","
","
","
","
","
","
","
","
","
","
","
","
","
","
","
","
","
","
","
","
","
","
","
","
","
","
","
","
",70 days 00:00:00.000000000,40,80
152,2000,"Strait, George",Go On,3:48,Country,2000-08-26,2000-10-28, , , , , , , , , , , , , , , , , , , , , , , , , , , , , , , , , , , , , , , , , , , , , , , , , , , , , , , , , , , , , , , , , ,63 days 00:00:00.000000000,40,71
153,2000,Sisqo,Got To Get It,3:52,Rock,1999-11-20,2000-01-22, , , , , , , , , , , , , , , , , , , , , , , , , , , , , , , , , , , , , , , , , , , , , , , , , , , , , , , , , , , , , , , , , ,63 days 00:00:00.000000000,40,92
154,2000,Baha Men,Who Let The Dogs Out,3:17,R&B,2000-07-22,2000-10-21, , , , , , , , , , , , , , , , , , ,1, ,2, ,4,n,n,n,n,n,n,n,n,n,n,n,n,n,n,n,n,n,n,n,n,n,n,n,n,n,n,n,n,n,n,n,n,n,n,n,n,n,n,n,n,n,n,91 days 00:00:00.000000000,40,99
155,2000,"Walker, Clay",The Chain Of Love,5:03,Country,2000-04-15,2000-06-10,7,6,3,2,2,7,2,5,1,1, , , , , , , , ,8, ,7, ,0,a,a,a,a,a,a,a,a,a,a,a,a,a,a,a,a,a,a,a,a,a,a,a,a,a,a,a,a,a,a,a,a,a,a,a,a,a,a,a,a,a,a,56 days 00:00:00.000000000,40,73
156,2000,"McBride, Martina",Love's The Only House,5:13,Country,2000-02-05,2000-04-15,4,3,5,6,6,.,0,.,3,0,6,6,5,4,4,4,3,3,.,3,.,8,.,n,n,n,n,n,n,n,n,n,n,n,n,n,n,n,n,n,n,n,n,n,n,n,n,n,n,n,n,n,n,n,n,n,n,n,n,n,n,n,n,n,n,70 days 00:00:00.000000000,42,79
157,2000,Amber,Sexual (Li Da Di),4:38,Rock,1999-07-17,2000-02-12,.,.,.,.,., ,., ,.,.,.,.,.,.,.,.,.,., ,., ,., , , , , , , , , , , , , , , , , , , , , , , , , , , , , , , , , , , , , , , , , , , ,210 days 00:00:00.000000000,42,99
158,2000,"Tippin, Aaron",Kiss This,2:53,Country,2000-08-26,2000-10-21, , , , , , , , , , , , , , , , , , , , , , , , , , , , , , , , , , , , , , , , , , , , , , , , , , , , , , , , , , , , , , , , , ,56 days 00:00:00.000000000,42,74
159,2000,SheDaisy,I Will.. But,3:40,Country,2000-07-15,2000-09-16, , , , , , , , , , , , , , , , , , ,9, ,n, ,n,n,n,n,n,n,n,n,n,n,n,n,n,n,n,n,n,n,n,n,n,n,n,n,n,n,n,n,n,n,n,n,n,n,n,n,n,n,n,n,n,n,n,63 days 00:00:00.000000000,43,78
160,2000,"Raye, Collin",Couldn't Last A Moment,3:40,Country,2000-03-18,2000-06-24, , , , , ,7, ,4, , , , , , , , , , ,8, ,a, ,a,a,a,a,a,a,a,a,a,a,a,a,a,a,a,a,a,a,a,a,a,a,a,a,a,a,a,a,a,a,a,a,a,a,a,a,a,a,a,a,a,a,a,98 days 00:00:00.000000000,43,91
161,2000,Black Rob,Whoa!,4:04,Rap,2000-03-04,2000-04-15,5,3,3,2,2,.,2,.,1,1,1, , , ,1,1,2,2,.,4,n,5,n,n,n,n,n,n,n,n,n,n,n,n,n,n,n,n,n,n,n,n,n,n,n,n,n,n,n,n,n,n,n,n,n,n,n,n,n,n,n,n,n,n,n,42 days 00:00:00.000000000,43,78
162,2000,"Jackson, Alan",Pop A Top,3:04,Country,1999-11-13,2000-01-22,0,9,0,8,1, ,0, ,7,7,7,3,3,7,0,7,5,9, ,0, ,0, , , , , , , , , , , , , , , , , , , , , , , , , , , , , , , , , , , , , , , , , , , ,70 days 00:00:00.000000000,43,79
163,2000,"Black, Clint",Been There,5:28,Country,2000-02-19,2000-04-15,.,.,.,.,., ,., ,.,.,.,.,.,.,.,.,.,., ,., ,., , , , , , , , , , , , , , , , , , , , , , , , , , , , , , , , , , , , , , , , , , , ,56 days 00:00:00.000000000,44,87
164,2000,Common,The Light,3:55,Rap,2000-08-05,2000-09-09, , , , , ,2, ,1, , , , , , , , , , ,1, ,1, ,1,2,2,3,4,n,n,n,n,n,n,n,n,n,n,n,n,n,n,n,n,n,n,n,n,n,n,n,n,n,n,n,n,n,n,n,n,n,n,n,n,n,n,35 days 00:00:00.000000000,44,75
165,2000,"Vassar, Phil",Carlene,4:07,Country,2000-03-04,2000-04-22, , , , , ,1, ,3, , , , , , , , , , ,1, ,4, ,8,1,6,9,6,a,a,a,a,a,a,a,a,a,a,a,a,a,a,a,a,a,a,a,a,a,a,a,a,a,a,a,a,a,a,a,a,a,a,a,a,a,a,49 days 00:00:00.000000000,45,75
166,2000,"Jackson, Alan",www.memory,2:36,Country,2000-11-04,2000-12-23, , , , , ,., ,., , , , , , , , , , ,., ,., ,.,.,.,.,.,n,n,n,n,n,n,n,n,n,n,n,n,n,n,n,n,n,n,n,n,n,n,n,n,n,n,n,n,n,n,n,n,n,n,n,n,n,n,49 days 00:00:00.000000000,45,75
167,2000,Vitamin C,The Itch,3:30,Rock,2000-12-02,2000-12-16,8,6,4,1,1, , , , , , , , , , , , , , , , ,1, , , , , , , , , , , , , , , , , , , , , , , , , , , , , , , , , , , , , , , , , , , ,14 days 00:00:00.000000000,45,86
168,2000,"Eastsidaz, The",G'D Up,4:27,Rap,2000-01-08,2000-02-12,1,8,4,6,1, ,8, ,8,7,8,8,6,6,5,5,5,5, ,6, ,0, , , , , , , , , , , , , , , , , , , , , , , , , , , , , , , , , , , , , , , , , , , ,35 days 00:00:00.000000000,47,77
169,2000,Ideal,Whatever,3:48,R&B,2000-06-10,2000-08-19,.,.,.,.,.,2,.,1,.,.,.,.,.,.,.,.,.,.,1,.,2,.,n,n,n,n,n,n,n,n,n,n,n,n,n,n,n,n,n,n,n,n,n,n,n,n,n,n,n,n,n,n,n,n,n,n,n,n,n,n,n,n,n,n,n,70 days 00:00:00.000000000,47,75
170,2000,"Thomas, Carl",Emotional,4:31,Rock,2000-11-25,2000-12-30, , , , , ,5, ,0, , , , , , , , , , ,7, ,9, ,a,a,a,a,a,a,a,a,a,a,a,a,a,a,a,a,a,a,a,a,a,a,a,a,a,a,a,a,a,a,a,a,a,a,a,a,a,a,a,a,a,a,a,35 days 00:00:00.000000000,47,77
171,2000,Ginuwine,None Of Ur Friends Business,4:12,Rock,1999-12-11,2000-01-22, , , , , ,., ,., , , , , , , , , , ,., ,., ,n,n,n,n,n,n,n,n,n,n,n,n,n,n,n,n,n,n,n,n,n,n,n,n,n,n,n,n,n,n,n,n,n,n,n,n,n,n,n,n,n,n,n,42 days 00:00:00.000000000,48,94
172,2000,"Davidson, Clay",Unconditional,3:56,Country,2000-03-25,2000-06-17, , , , , , , , , , , , , , , , , , , , , , , , , , , , , , , , , , , , , , , , , , , , , , , , , , , , , , , , , , , , , , , , , ,84 days 00:00:00.000000000,49,97
173,2000,DMX,What You Want,4:05,Rap,2000-07-01,2000-09-23,9,8,6,5,4, ,3, ,2,2,2,2,2,2,1,1,1,1, ,1, ,1, , , , , , , , , , , , , , , , , , , , , , , , , , , , , , , , , , , , , , , , , , , ,84 days 00:00:00.000000000,49,98
174,2000,"John, Elton",Someday Out Of The Blue,4:41,Rock,2000-04-22,2000-05-06,4,6,9,0,1,1,2,1,8,7,7,5,3,0,7,5,4,1,1,4,1,1,1,1,1,2,2,3,4,n,n,n,n,n,n,n,n,n,n,n,n,n,n,n,n,n,n,n,n,n,n,n,n,n,n,n,n,n,n,n,n,n,n,n,n,14 days 00:00:00.000000000,49,56
175,2000,Pearl Jam,Nothing As It Seems,5:20,Rock,2000-05-13,2000-05-13,.,.,.,.,.,9,.,4,.,.,.,.,.,.,.,.,.,.,5,.,8,.,8,9,9,2,6,2,2,a,a,a,a,a,a,a,a,a,a,a,a,a,a,a,a,a,a,a,a,a,a,a,a,a,a,a,a,a,a,a,a,a,a,a,a,0 days 00:00:00.000000000,49,49
176,2000,Mya,The Best Of Me,4:12,Rock,2000-04-15,2000-05-20, , , , , ,., ,., , , , , , , , , , ,., ,., ,.,.,.,.,.,.,.,n,n,n,n,n,n,n,n,n,n,n,n,n,n,n,n,n,n,n,n,n,n,n,n,n,n,n,n,n,n,n,n,n,n,n,n,35 days 00:00:00.000000000,50,85
177,2000,"Heatherly, Eric",Flowers On The Wall,3:16,Country,2000-04-29,2000-08-12, , , , , , , , , , , , , , , , , , , , , , , , , , , , , , , , , , , , , , , , , , , , , , , , , , , , , , , , , , , , , , , , , ,105 days 00:00:00.000000000,50,95
178,2000,Eminem,Stan,5:26,Rap,2000-11-04,2000-12-02, , , , , , , , , , , , , , , , , , , , , , , , , , , , , , , , , , , , , , , , , , , , , , , , , , , , , , , , , , , , , , , , , ,28 days 00:00:00.000000000,51,78
179,2000,"McEntire, Reba",I'll Be,4:23,Country,2000-05-13,2000-07-29,9,8,7,6,6, ,5, ,3,2,2,2,1,1,1, , , ,2,1,3, ,n,n,n,n,n,n,n,n,n,n,n,n,n,n,n,n,n,n,n,n,n,n,n,n,n,n,n,n,n,n,n,n,n,n,n,n,n,n,n,n,n,n,n,77 days 00:00:00.000000000,51,89
180,2000,"Lopez, Jennifer",Feelin' Good,4:28,Latin,2000-02-19,2000-04-08,2,0,2,9,7,7,4,7,8,4,4,0,9,5,5,5,4,4,3,0,8,9,a,a,a,a,a,a,a,a,a,a,a,a,a,a,a,a,a,a,a,a,a,a,a,a,a,a,a,a,a,a,a,a,a,a,a,a,a,a,a,a,a,a,a,49 days 00:00:00.000000000,51,79
181,2000,"Urban, Keith",Your Everything,4:10,Country,2000-07-15,2000-09-16,.,.,.,.,.,.,.,.,.,.,.,.,.,.,.,.,.,.,.,.,.,.,n,n,n,n,n,n,n,n,n,n,n,n,n,n,n,n,n,n,n,n,n,n,n,n,n,n,n,n,n,n,n,n,n,n,n,n,n,n,n,n,n,n,n,63 days 00:00:00.000000000,51,81
182,2000,TLC,Dear Lie,4:36,Rock,2000-02-12,2000-03-04, , , , , , , , , , , , , , , , , , , , , , , , , , , , , , , , , , , , , , , , , , , , , , , , , , , , , , , , , , , , , , , , , ,21 days 00:00:00.000000000,51,63
183,2000,"Gill, Vince",Feels Like Love,4:13,Country,2000-09-02,2000-11-18, , , , , , , , , , , , , , , , , , , , , , , , , , , , , , , , , , , , , , , , , , , , , , , , , , , , , , , , , , , , , , , , , ,77 days 00:00:00.000000000,52,82
184,2000,"Houston, Whitney",Could I Have This Kiss Forever,3:54,Rock,2000-06-17,2000-08-05, , , , , ,2, ,1, , , , , , , , , , ,1, ,1, ,2,2,3,4,4,n,n,n,n,n,n,n,n,n,n,n,n,n,n,n,n,n,n,n,n,n,n,n,n,n,n,n,n,n,n,n,n,n,n,n,n,n,n,49 days 00:00:00.000000000,52,74
185,2000,Bloodhound Gang,The Bad Touch,4:20,R&B,2000-03-18,2000-04-15,4,2,1,1,1,0, ,2, , , , , , , , , ,1,4,2,6,3,1,7,4,0,6,a,a,a,a,a,a,a,a,a,a,a,a,a,a,a,a,a,a,a,a,a,a,a,a,a,a,a,a,a,a,a,a,a,a,a,a,a,a,28 days 00:00:00.000000000,52,70
186,2000,"Williams, Robbie",Angels,3:56,Rock,1999-11-20,2000-01-22,2,0,9,4,3,.,6,.,5,5,5,4,4,6,6,7,9,2,.,0,.,4,.,.,.,.,.,n,n,n,n,n,n,n,n,n,n,n,n,n,n,n,n,n,n,n,n,n,n,n,n,n,n,n,n,n,n,n,n,n,n,n,n,n,n,63 days 00:00:00.000000000,53,85
187,2000,"Messina, Jo Dee",Because You Love Me,3:50,Country,2000-01-29,2000-03-11,.,.,.,.,., ,., ,.,.,.,.,.,.,.,.,.,., ,., ,., , , , , , , , , , , , , , , , , , , , , , , , , , , , , , , , , , , , , , , , , , , ,42 days 00:00:00.000000000,53,83
188,2000,"Keith, Toby",Country Comes To Town,3:39,Country,2000-08-05,2000-10-14, , , , , , , , , , , , , , , , , , , , , , , , , , , , , , , , , , , , , , , , , , , , , , , , , , , , , , , , , , , , , , , , , ,70 days 00:00:00.000000000,54,82
189,2000,Beenie Man,Girls Dem Sugar,4:17,Reggae,2000-10-21,2000-12-02, , , , , , , , , , , , , , , , , , ,2, ,2, ,3,3,4,4,n,n,n,n,n,n,n,n,n,n,n,n,n,n,n,n,n,n,n,n,n,n,n,n,n,n,n,n,n,n,n,n,n,n,n,n,n,n,n,42 days 00:00:00.000000000,54,72
190,2000,"Hill, Faith",Let's Make Love,4:11,Rap,2000-08-12,2000-10-21, , , , , ,6, ,7, , , , , , , , , , ,0, ,6, ,0,9,1,9,a,a,a,a,a,a,a,a,a,a,a,a,a,a,a,a,a,a,a,a,a,a,a,a,a,a,a,a,a,a,a,a,a,a,a,a,a,a,a,70 days 00:00:00.000000000,54,83
191,2000,Kelis,Caught Out There,4:09,R&B,1999-12-04,2000-01-08,7,3,2,1,1,., ,., , , , ,1,3,4,6,8,8,.,n,.,n,.,.,.,.,n,n,n,n,n,n,n,n,n,n,n,n,n,n,n,n,n,n,n,n,n,n,n,n,n,n,n,n,n,n,n,n,n,n,n,n,n,n,n,35 days 00:00:00.000000000,54,84
192,2000,Jay-Z,Anything,3:41,Rap,2000-02-26,2000-03-11,0,2,0,6,1, ,6, ,5,4,8,9,6,0,9,8,3,8, ,a, ,a, , , , , , , , , , , , , , , , , , , , , , , , , , , , , , , , , , , , , , , , , , , ,14 days 00:00:00.000000000,55,72
193,2000,3 Doors Down,Loser,4:24,Rock,2000-10-21,2000-12-02,.,.,.,.,., ,., ,.,.,.,.,.,.,.,.,.,., ,n, ,n, , , , , , , , , , , , , , , , , , , , , , , , , , , , , , , , , , , , , , , , , , , ,42 days 00:00:00.000000000,55,76
194,2000,Brooks & Dunn,You'll Always Be Loved By Me,2:58,Country,2000-06-10,2000-09-09, , , , , ,1, ,1, , , , , , , , , , ,2, ,1, ,2,2,3,3,n,n,n,n,n,n,n,n,n,n,n,n,n,n,n,n,n,n,n,n,n,n,n,n,n,n,n,n,n,n,n,n,n,n,n,n,n,n,n,91 days 00:00:00.000000000,55,95
195,2000,"Chesney, Kenny",What I Need To Do,4:05,Country,2000-04-01,2000-06-10, , , , , ,5, ,0, , , , , , , , , , ,1, ,9, ,3,4,3,8,a,a,a,a,a,a,a,a,a,a,a,a,a,a,a,a,a,a,a,a,a,a,a,a,a,a,a,a,a,a,a,a,a,a,a,a,a,a,a,70 days 00:00:00.000000000,56,79
196,2000,"Stone, Angie",No More Rain (In This Cloud),4:42,R&B,1999-12-25,2000-01-22, , , , , ,., ,., , , , , , , , , , ,., ,., ,.,.,.,.,n,n,n,n,n,n,n,n,n,n,n,n,n,n,n,n,n,n,n,n,n,n,n,n,n,n,n,n,n,n,n,n,n,n,n,n,n,n,n,28 days 00:00:00.000000000,56,86
197,2000,Da Brat,That's What I'm Looking For,3:44,Rap,2000-02-26,2000-04-15,8,7,5,3,2, ,1, ,1, , , , , , , , , , ,1, ,1, , , , , , , , , , , , , , , , , , , , , , , , , , , , , , , , , , , , , , , , , , , ,49 days 00:00:00.000000000,56,93
198,2000,SheDaisy,This Woman Needs,3:20,Country,2000-02-05,2000-03-04,5,0,2,6,7, ,5, ,2,8,5,5,5,6,5,4,6,8, ,4, ,6, , , , , , , , , , , , , , , , , , , , , , , , , , , , , , , , , , , , , , , , , , , ,28 days 00:00:00.000000000,57,82
199,2000,Papa Roach,Last Resort,3:19,Rock,2000-07-29,2000-12-02,.,.,.,.,.,1,.,1,.,.,.,.,.,.,.,.,.,.,2,.,3,.,4,4,n,n,n,n,n,n,n,n,n,n,n,n,n,n,n,n,n,n,n,n,n,n,n,n,n,n,n,n,n,n,n,n,n,n,n,n,n,n,n,n,n,126 days 00:00:00.000000000,57,75
200,2000,"Adams, Yolanda",Open My Heart,5:30,Gospel,2000-08-26,2000-10-21, , , , , ,4, ,0, , , , , , , , , , ,3, ,2, ,5,7,a,a,a,a,a,a,a,a,a,a,a,a,a,a,a,a,a,a,a,a,a,a,a,a,a,a,a,a,a,a,a,a,a,a,a,a,a,a,a,a,a,56 days 00:00:00.000000000,57,76
201,2000,Shyne,Bad Boyz,4:22,Rap,2000-09-09,2000-10-28, , , , , ,., ,., , , , , , , , , , ,., ,., ,.,.,n,n,n,n,n,n,n,n,n,n,n,n,n,n,n,n,n,n,n,n,n,n,n,n,n,n,n,n,n,n,n,n,n,n,n,n,n,n,n,n,n,49 days 00:00:00.000000000,57,94
202,2000,R.E.M.,The Great Beyond,4:10,Rock,1999-12-25,2000-01-29, , , , , , , , , , , , , , , , , , , , , , , , , , , , , , , , , , , , , , , , , , , , , , , , , , , , , , , , , , , , , , , , , ,35 days 00:00:00.000000000,57,79
203,2000,"Diffie, Joe",It's Always Somethin',2:55,Country,2000-08-12,2000-09-16,8,7,6,4,3, ,2, , , , , , , , , ,1,1, ,2, ,3, , , , , , , , , , , , , , , , , , , , , , , , , , , , , , , , , , , , , , , , , , , ,35 days 00:00:00.000000000,57,81
204,2000,"McGraw, Tim",Some Things Never Change,3:56,Country,2000-05-13,2000-07-01,5,2,5,9,9,3,0,2,9,8,6,5,7,4,6,7,3,7,1,3,1,6,2,3,3,4,4,n,n,n,n,n,n,n,n,n,n,n,n,n,n,n,n,n,n,n,n,n,n,n,n,n,n,n,n,n,n,n,n,n,n,n,n,n,n,49 days 00:00:00.000000000,58,76
205,2000,"Henley, Don",Taking You Home,4:08,Rock,2000-06-24,2000-08-05,.,.,.,.,.,4,.,0,.,.,.,.,.,.,.,.,.,.,1,.,4,.,6,0,6,1,8,a,a,a,a,a,a,a,a,a,a,a,a,a,a,a,a,a,a,a,a,a,a,a,a,a,a,a,a,a,a,a,a,a,a,a,a,a,a,42 days 00:00:00.000000000,58,79
206,2000,Eminem,The Way I Am,4:40,Rap,2000-08-26,2000-09-30, , , , , ,., ,., , , , , , , , , , ,., ,., ,.,.,.,.,.,n,n,n,n,n,n,n,n,n,n,n,n,n,n,n,n,n,n,n,n,n,n,n,n,n,n,n,n,n,n,n,n,n,n,n,n,n,n,35 days 00:00:00.000000000,58,87
207,2000,Nas,You Owe Me,3:51,R&B,2000-03-25,2000-04-15, , , , , , , , , , , , , , , , , , , , , , , , , , , , , , , , , , , , , , , , , , , , , , , , , , , , , , , , , , , , , , , , , ,21 days 00:00:00.000000000,59,74
208,2000,Sister Hazel,Change Your Mind,4:02,Rock,2000-07-15,2000-08-05, , , , , , , , , , , , , , , , , , , , , , , , , , , , , , , , , , , , , , , , , , , , , , , , , , , , , , , , , , , , , , , , , ,21 days 00:00:00.000000000,59,75
209,2000,Puff Daddy,Best Friend,5:33,Rap,2000-02-12,2000-02-19,7,6,5,4,2,3,1,3,1, , , ,1, , , , , , ,1, ,1,1,1,2,3,3,4,n,n,n,n,n,n,n,n,n,n,n,n,n,n,n,n,n,n,n,n,n,n,n,n,n,n,n,n,n,n,n,n,n,n,n,n,n,7 days 00:00:00.000000000,59,65
210,2000,"McBride, Martina",There You Are,3:26,Country,2000-09-09,2000-10-21,3,3,0,2,4,4,7,0,1,9,9,9,0,5,5,6,8,9,7,5,9,7,4,6,6,1,5,2,a,a,a,a,a,a,a,a,a,a,a,a,a,a,a,a,a,a,a,a,a,a,a,a,a,a,a,a,a,a,a,a,a,a,a,a,a,42 days 00:00:00.000000000,60,79
211,2000,Usher,Pop Ya Collar,3:36,Rock,2000-11-04,2000-11-18,.,.,.,.,.,.,.,.,.,.,.,.,.,.,.,.,.,.,.,.,.,.,.,.,.,.,.,.,n,n,n,n,n,n,n,n,n,n,n,n,n,n,n,n,n,n,n,n,n,n,n,n,n,n,n,n,n,n,n,n,n,n,n,n,n,14 days 00:00:00.000000000,60,68
212,2000,Lil' Kim,No Matter What They Say,4:12,Rap,2000-07-15,2000-08-05, , , , , , , , , , , , , , , , , , , , , , , , , , , , , , , , , , , , , , , , , , , , , , , , , , , , , , , , , , , , , , , , , ,21 days 00:00:00.000000000,60,80
213,2000,LFO,I Don't Wanna Kiss You Goodnight,5:00,Rock,2000-04-15,2000-04-22, , , , , , , , , , , , , , , , , , , , , , , , , , , , , , , , , , , , , , , , , , , , , , , , , , , , , , , , , , , , , , , , , ,7 days 00:00:00.000000000,61,63
214,2000,SheDaisy,Deck The Halls,3:46,Country,1999-12-25,2000-01-01, , , , , ,5, ,3, , , , , , , , , , ,1, ,3, ,4,n,n,n,n,n,n,n,n,n,n,n,n,n,n,n,n,n,n,n,n,n,n,n,n,n,n,n,n,n,n,n,n,n,n,n,n,n,n,n,n,n,n,7 days 00:00:00.000000000,61,97
215,2000,Splender,I Think God Can Explain,3:55,R&B,2000-06-10,2000-06-24,3,2,1, , ,1, ,5, , , ,1, ,1,1,1,1,1,8,3,3,n,3,a,a,a,a,a,a,a,a,a,a,a,a,a,a,a,a,a,a,a,a,a,a,a,a,a,a,a,a,a,a,a,a,a,a,a,a,a,a,a,a,a,a,14 days 00:00:00.000000000,62,71
216,2000,"Simpson, Jessica",Where You Are,3:51,Rock,2000-04-01,2000-04-15,6,1,3,9,7,.,5,.,7,7,8,1,7,0,1,2,5,7,.,0,.,a,.,n,n,n,n,n,n,n,n,n,n,n,n,n,n,n,n,n,n,n,n,n,n,n,n,n,n,n,n,n,n,n,n,n,n,n,n,n,n,n,n,n,n,14 days 00:00:00.000000000,62,73
217,2000,M2M,Mirror Mirror,3:19,Pop,2000-04-01,2000-05-27,.,.,.,.,., ,., ,.,.,.,.,.,.,.,.,.,., ,., ,n, , , , , , , , , , , , , , , , , , , , , , , , , , , , , , , , , , , , , , , , , , , ,56 days 00:00:00.000000000,62,87
218,2000,Kumbia Kings,U Don't Love Me,3:50,R&B,2000-03-04,2000-03-18,"
","
","
","
","
", ,"
", ,"
","
","
","
","
","
","
","
","
","
", ,"
", ,"
", , , , , , , , , , , , , , , , , , , , , , , , , , , , , , , , , , , , , , , , , , , ,14 days 00:00:00.000000000,62,81
219,2000,Joe,Treat Her Like A Lady,4:12,Rock,2000-08-05,2000-08-19, , , , , ,1, , , , , , , , , , , , ,7, ,n, ,n,n,n,n,n,n,n,n,n,n,n,n,n,n,n,n,n,n,n,n,n,n,n,n,n,n,n,n,n,n,n,n,n,n,n,n,n,n,n,n,n,n,n,14 days 00:00:00.000000000,63,77
220,2000,"Blige, Mary J.",Deep Inside,5:26,Rock,1999-11-13,2000-01-22, , , , , ,1, ,6, , , , , , , , , , ,6, ,a, ,a,a,a,a,a,a,a,a,a,a,a,a,a,a,a,a,a,a,a,a,a,a,a,a,a,a,a,a,a,a,a,a,a,a,a,a,a,a,a,a,a,a,a,70 days 00:00:00.000000000,63,83
221,2000,"Price, Kelly",You Should've Told Me,3:12,Rock,2000-09-23,2000-12-02, , , , , ,., ,., , , , , , , , , , ,., ,n, ,n,n,n,n,n,n,n,n,n,n,n,n,n,n,n,n,n,n,n,n,n,n,n,n,n,n,n,n,n,n,n,n,n,n,n,n,n,n,n,n,n,n,n,70 days 00:00:00.000000000,64,91
222,2000,Changing Faces,That Other Woman,4:00,Rock,2000-09-30,2000-10-28,6,5,4,3,3, ,1, , , , , , , , , ,1,1, ,1, ,1, , , , , , , , , , , , , , , , , , , , , , , , , , , , , , , , , , , , , , , , , , , ,28 days 00:00:00.000000000,64,80
223,2000,"Wright, Chely",It Was,3:51,R&B,2000-03-04,2000-04-15,8,1,7,6,0, ,5, ,8,7,7,7,6,5,6,9,0,1, ,6, ,6, , , , , , , , , , , , , , , , , , , , , , , , , , , , , , , , , , , , , , , , , , , ,42 days 00:00:00.000000000,64,86
224,2000,Limp Bizkit,Rollin',4:04,Rock,2000-11-11,2000-12-09,.,.,.,.,.,4,., ,.,.,.,.,.,.,.,.,.,.,5,.,n,.,n,n,n,n,n,n,n,n,n,n,n,n,n,n,n,n,n,n,n,n,n,n,n,n,n,n,n,n,n,n,n,n,n,n,n,n,n,n,n,n,n,n,n,28 days 00:00:00.000000000,65,77
225,2000,Hot Boys,I Need A Hot Girl,4:16,Rap,2000-02-19,2000-03-11, , , , , ,2, ,6, , , , , , , , , , ,6, ,a, ,a,a,a,a,a,a,a,a,a,a,a,a,a,a,a,a,a,a,a,a,a,a,a,a,a,a,a,a,a,a,a,a,a,a,a,a,a,a,a,a,a,a,a,21 days 00:00:00.000000000,65,77
226,2000,Jay-Z,Do It Again (Put Ya Hands Up),3:47,Rap,2000-01-15,2000-01-29, , , , , ,., ,., , , , , , , , , , ,., ,n, ,n,n,n,n,n,n,n,n,n,n,n,n,n,n,n,n,n,n,n,n,n,n,n,n,n,n,n,n,n,n,n,n,n,n,n,n,n,n,n,n,n,n,n,14 days 00:00:00.000000000,65,95
227,2000,"Adkins, Trace",More,3:05,Country,2000-04-29,2000-06-17, , , , , ,"
", ,"
", , , , , , , , , , ,"
", ,"
", ,"
","
","
","
","
","
","
","
","
","
","
","
","
","
","
","
","
","
","
","
","
","
","
","
","
","
","
","
","
","
","
","
","
","
","
","
","
","
","
","
","
","
","
",49 days 00:00:00.000000000,65,84
228,2000,"Dixie Chicks, The",Cold Day In July,5:12,Country,2000-06-24,2000-08-05,6,3,1,1,1, , , , , , , ,1,1,1, ,1,1, ,2, ,3, , , , , , , , , , , , , , , , , , , , , , , , , , , , , , , , , , , , , , , , , , , ,42 days 00:00:00.000000000,65,80
229,2000,"Price, Kelly",As We Lay,6:20,Rock,2000-07-15,2000-08-05,8,1,9,5,1, ,7, ,6,5,6,7,0,2,1,9,1,2, ,2, ,0, , , , , , , , , , , , , , , , , , , , , , , , , , , , , , , , , , , , , , , , , , , ,21 days 00:00:00.000000000,64,82
230,2000,DMX,What's My Name,3:50,Rap,2000-01-15,2000-02-12,.,.,.,.,., ,.,1,.,.,.,.,.,.,.,.,.,.,1,., ,.,1,1,2,2,3,3,3,4,4,4,n,n,n,n,n,n,n,n,n,n,n,n,n,n,n,n,n,n,n,n,n,n,n,n,n,n,n,n,n,n,n,n,n,28 days 00:00:00.000000000,67,98
231,2000,"Martin, Ricky",Private Emotion,4:02,Latin,2000-03-11,2000-03-18, , , , , ,7, ,2, , , , , , , , , , ,0, ,8, ,2,6,0,2,3,9,9,1,6,4,a,a,a,a,a,a,a,a,a,a,a,a,a,a,a,a,a,a,a,a,a,a,a,a,a,a,a,a,a,a,a,a,a,7 days 00:00:00.000000000,67,76
232,2000,Nine Days,If I Am,4:18,Rock,2000-12-02,2000-12-02, , , , , ,., ,., , , , , , , , , , ,., ,., ,.,.,.,.,.,.,.,.,.,.,n,n,n,n,n,n,n,n,n,n,n,n,n,n,n,n,n,n,n,n,n,n,n,n,n,n,n,n,n,n,n,n,n,0 days 00:00:00.000000000,68,68
233,2000,"Blige, Mary J.",Give Me You,5:00,Rock,2000-04-15,2000-05-13, , , , , , , , , , , , , , , , , , , , , , , , , , , , , , , , , , , , , , , , , , , , , , , , , , , , , , , , , , , , , , , , , ,28 days 00:00:00.000000000,68,97
234,2000,Red Hot Chili Peppers,Californication,5:21,Rock,2000-07-29,2000-10-14,7,3,1,1,1, ,1, , , , , ,1,1,1,1,1,2, ,1, ,2, , , , , , , , , , , , , , , , , , , , , , , , , , , , , , , , , , , , , , , , , , , ,77 days 00:00:00.000000000,69,72
235,2000,Third Eye Blind,Deep Inside Of You,4:10,Rock,2000-09-02,2000-10-07,6,8,9,7,2,5,2,5,7,5,8,8,0,2,4,5,9,3,6,8,n,2,n,n,n,n,n,n,4,4,3,2,2,2,2,1,1,1,1,1,1,1,1, , , , , , ,1,1,1,1,1,2,2,2,3,3,3,4,4,5,5,4,35 days 00:00:00.000000000,69,80
236,2000,"Brooks, Garth",Do What You Gotta Do,2:56,Country,2000-02-19,2000-03-18,.,.,.,.,.,8,.,2,.,.,.,.,.,.,.,.,.,.,0,.,a,.,a,a,a,a,a,a,3,1,4,8,5,3,2,6,6,8,4,3,3,1,1,9,9,7,7,9,9,2,4,6,7,7,1,6,9,2,9,9,3,7,0,0,9,28 days 00:00:00.000000000,69,86
237,2000,"Offspring, The",Original Prankster,3:42,Rock,2000-11-25,2000-12-09, , , , , ,., ,., , , , , , , , , , ,., ,n, ,n,n,n,n,n,n,.,.,.,.,.,.,.,.,.,.,.,.,.,.,.,.,.,.,.,.,.,.,.,.,.,.,.,.,.,.,.,.,.,.,.,.,.,14 days 00:00:00.000000000,70,74
238,2000,"Anthony, Marc",My Baby You,3:59,Latin,2000-09-16,2000-10-07, , , , , , , , , , , , , , , , , , , , , , , , , , , , , , , , , , , , , , , , , , , , , , , , , , , , , , , , , , , , , , , , , ,21 days 00:00:00.000000000,70,82
239,2000,"Houston, Whitney","Same Script, Different Cast",4:45,Rock,2000-06-17,2000-07-15, , , , , , , , , , , , , , , , , , , , , , , , , , , , , , , , , , , , , , , , , , , , , , , , , , , , , , , , , , , , , , , , , ,28 days 00:00:00.000000000,70,71
240,2000,D'Angelo,Left & Right,4:35,R&B,1999-12-11,2000-01-01,7,6,5,2,1,3,1,2,1, , , , , , , ,1,1,1,2, ,3, ,1,1,1,1,1,1,2,3,3,3,4,n,n,n,n,n,n,n,n,n,n,n,n,n,n,n,n,n,n,n,n,n,n,n,n,n,n,n,n,n,n,n,21 days 00:00:00.000000000,70,93
241,2000,"Kravitz, Lenny",I Belong To You,4:17,Rock,2000-03-25,2000-04-08,4,2,5,5,6,7,2,4,2,9,7,6,6,6,8,9,3,9,1,6,7,4,8,0,1,2,2,7,9,3,3,7,6,9,a,a,a,a,a,a,a,a,a,a,a,a,a,a,a,a,a,a,a,a,a,a,a,a,a,a,a,a,a,a,a,14 days 00:00:00.000000000,71,78
242,2000,"Loveless, Patty",That's The Kind Of Mood I'm In,3:27,Country,2000-09-16,2000-11-18,.,.,.,.,.,.,.,.,.,.,.,.,.,.,.,.,.,.,.,.,.,.,.,.,.,.,.,.,.,.,.,.,.,.,n,n,n,n,n,n,n,n,n,n,n,n,n,n,n,n,n,n,n,n,n,n,n,n,n,n,n,n,n,n,n,63 days 00:00:00.000000000,71,98
243,2000,Q-Tip,Breathe And Stop,4:06,Rock,2000-01-22,2000-01-22, , , , , , , , , , , , , , , , , , , , , , , , , , , , , , , , , , , , , , , , , , , , , , , , , , , , , , , , , , , , , , , , , ,0 days 00:00:00.000000000,71,71
244,2000,"Rimes, LeAnn",Can't Fight The Moonlight,3:33,Country,2000-09-09,2000-09-16, , , , , , , , , , , , , , , , , , , , , , , , , , , , , , , , , , , , , , , , , , , , , , , , , , , , , , , , , , , , , , , , , ,7 days 00:00:00.000000000,71,82
245,2000,Lil Wayne,Tha Block Is Hot,4:13,Rap,1999-12-04,2000-01-08, , , , , ,3, ,2, , , , , , , , , , ,2, ,3, ,n,n,n,n,n,n,n,n,n,n,n,n,n,n,n,n,n,n,n,n,n,n,n,n,n,n,n,n,n,n,n,n,n,n,n,n,n,n,n,n,n,n,n,35 days 00:00:00.000000000,72,99
246,2000,2 Pac,Baby Don't Cry (Keep Ya Head Up II),4:22,Rap,2000-02-26,2000-03-11,8,7,5,5,3,1,2,2,1,1,1, , , , , , , ,1,1,5,1,a,a,a,a,a,a,a,a,a,a,a,a,a,a,a,a,a,a,a,a,a,a,a,a,a,a,a,a,a,a,a,a,a,a,a,a,a,a,a,a,a,a,a,14 days 00:00:00.000000000,72,87
247,2000,"Wallflowers, The",Sleepwalker,3:29,Rock,2000-10-28,2000-10-28,5,1,9,2,9,.,6,.,7,3,1,6,6,8,8,7,8,9,.,2,.,8,n,n,n,n,n,n,n,n,n,n,n,n,n,n,n,n,n,n,n,n,n,n,n,n,n,n,n,n,n,n,n,n,n,n,n,n,n,n,n,n,n,n,n,0 days 00:00:00.000000000,73,73
248,2000,Drama,"Left, Right, Left",3:37,Rap,2000-02-12,2000-03-18,.,.,.,.,., ,., ,.,.,.,.,.,.,.,.,.,., ,., ,., , , , , , , , , , , , , , , , , , , , , , , , , , , , , , , , , , , , , , , , , , , ,35 days 00:00:00.000000000,73,100
249,2000,Limp Bizkit,N 2 Gether Now,3:55,Rock,1999-12-04,2000-01-08, , , , , , , , , , , , , , , , , , , , , , , , , , , , , , , , , , , , , , , , , , , , , , , , , , , , , , , , , , , , , , , , , ,35 days 00:00:00.000000000,73,94
250,2000,Lox,"Ryde or Die, Chick",3:56,Rap,2000-03-18,2000-03-25, , , , , ,n, ,n, , , , , , , , , , ,n, ,n, ,n,n,n,n,n,n,n,n,n,n,n,n,n,n,n,n,n,n,n,n,n,n,n,n,n,n,n,n,n,n,n,n,n,n,n,n,n,n,n,n,n,n,n,7 days 00:00:00.000000000,73,86
251,2000,Ying Yang Twins,Whistle While You Twurk,4:19,Rap,2000-03-18,2000-04-29, , , , , ,a, ,a, , , , , , , , , , ,a, ,a, ,a,a,a,a,a,a,a,a,a,a,a,a,a,a,a,a,a,a,a,a,a,a,a,a,a,a,a,a,a,a,a,a,a,a,a,a,a,a,a,a,a,a,a,42 days 00:00:00.000000000,74,95
252,2000,"Walker, Clay","Live, Laugh, Love",4:06,Country,1999-12-04,2000-01-22,7,6,6,4,4,n,3,n,1,1,1, , ,1,1,1, , ,n, ,n,1,n,n,n,n,n,n,n,n,n,n,n,n,n,n,n,n,n,n,n,n,n,n,n,n,n,n,n,n,n,n,n,n,n,n,n,n,n,n,n,n,n,n,n,49 days 00:00:00.000000000,74,95
253,2000,Metallica,No Leaf Clover (Live),5:43,Rock,2000-02-12,2000-03-11,4,8,5,9,4, ,0, ,7,4,1,8,9,0,1,1,6,8, ,7, ,0, , , , , , , , , , , , , , , , , , , , , , , , , , , , , , , , , , , , , , , , , , , ,28 days 00:00:00.000000000,74,86
254,2000,Yankee Grey,Another Nine Minutes,3:10,Country,2000-04-29,2000-05-20,.,.,.,.,., ,., ,.,.,.,.,.,.,.,.,.,., ,., ,., , , , , , , , , , , , , , , , , , , , , , , , , , , , , , , , , , , , , , , , , , , ,21 days 00:00:00.000000000,74,86
255,2000,"Bega, Lou",Tricky Tricky ,3:23,Rock,2000-01-29,2000-02-05, , , , , ,1, ,1, , , , , , , , , , ,1, ,2, ,3,4,n,n,n,n,n,n,n,n,n,n,n,n,n,n,n,n,n,n,n,n,n,n,n,n,n,n,n,n,n,n,n,n,n,n,n,n,n,n,n,n,n,7 days 00:00:00.000000000,74,75
256,2000,Big Punisher,It's So Hard,3:25,Rap,2000-04-22,2000-05-06, , , , , ,7, ,6, , , , , , , , , , ,7, ,1, ,8,9,a,a,a,a,a,a,a,a,a,a,a,a,a,a,a,a,a,a,a,a,a,a,a,a,a,a,a,a,a,a,a,a,a,a,a,a,a,a,a,a,a,14 days 00:00:00.000000000,75,96
257,2000,"Worley, Darryl",When You Need My Love,3:35,Country,2000-06-17,2000-09-02, , , , , ,., ,., , , , , , , , , , ,., ,., ,.,.,n,n,n,n,n,n,n,n,n,n,n,n,n,n,n,n,n,n,n,n,n,n,n,n,n,n,n,n,n,n,n,n,n,n,n,n,n,n,n,n,n,77 days 00:00:00.000000000,75,98
258,2000,Lil' Kim,How Many Licks?,3:50,Rap,2000-11-25,2000-12-02,8,7,6,5,5, ,5, ,2,1, , , , , ,1,1,1, ,2, ,4, , , , , , , , , , , , , , , , , , , , , , , , , , , , , , , , , , , , , , , , , , , ,7 days 00:00:00.000000000,75,79
259,2000,"Clark, Terri",A Little Gasoline,3:07,Country,2000-12-16,2000-12-16,9,6,9,9,9, ,0, ,6,5,7,6,8,8,9,1,4,6, ,3, ,1, , , , , , , , , , , , , , , , , , , , , , , , , , , , , , , , , , , , , , , , , , , ,0 days 00:00:00.000000000,75,75
260,2000,"Brock, Chad",A Country Boy Can Survive,3:54,Country,2000-01-01,2000-01-08,.,.,.,.,.,1,., ,.,.,.,.,.,.,.,.,.,.,9,.,n,.,n,n,n,n,n,n,n,n,n,n,n,n,n,n,n,n,n,n,n,n,n,n,n,n,n,n,n,n,n,n,n,n,n,n,n,n,n,n,n,n,n,n,n,7 days 00:00:00.000000000,75,93
261,2000,"Cagle, Chris",My Love Goes On And On,3:02,Country,2000-10-21,2000-12-02, , , , , ,3, ,9, , , , , , , , , , ,0, ,a, ,a,a,a,a,a,a,a,a,a,a,a,a,a,a,a,a,a,a,a,a,a,a,a,a,a,a,a,a,a,a,a,a,a,a,a,a,a,a,a,a,a,a,a,42 days 00:00:00.000000000,76,99
262,2000,"Byrd, Tracy",Put Your Hand In Mine,4:30,Country,2000-01-29,2000-02-12, , , , , ,., ,., , , , , , , , , , ,., ,n, ,n,n,n,n,n,n,n,n,n,n,n,n,n,n,n,n,n,n,n,n,n,n,n,n,n,n,n,n,n,n,n,n,n,n,n,n,n,n,n,n,n,n,n,14 days 00:00:00.000000000,76,81
263,2000,Metallica,I Disappear,4:26,Rock,2000-05-13,2000-06-17, , , , , , , , , , , , , , , , , , , , , , , , , , , , , , , , , , , , , , , , , , , , , , , , , , , , , , , , , , , , , , , , , ,35 days 00:00:00.000000000,76,86
264,2000,Jay-Z,Hey Papi,3:40,Rap,2000-08-12,2000-10-07,6,2,1,1,1, , , , , ,1,1,2,2,3,4,5,6, ,8, ,n, , , , , , , , , , , , , , , , , , , , , , , , , , , , , , , , , , , , , , , , , , , ,56 days 00:00:00.000000000,76,98
265,2000,Fatboy Slim,The Rockafeller Skank,4:00,Electronica,1999-11-13,2000-01-22,7,9,6,6,3,1,9, ,7,9,3,9,1,4,2,2,6,0,6,8,n,a,n,n,n,n,n,n,n,n,n,n,n,n,n,n,n,n,n,n,n,n,n,n,n,n,n,n,n,n,n,n,n,n,n,n,n,n,n,n,n,n,n,n,n,70 days 00:00:00.000000000,76,94
266,2000,"Levert, Gerald",Mr. Too Damn Good,4:06,R&B,2000-03-18,2000-04-08,.,.,.,.,.,2,.,9,.,.,.,.,.,.,.,.,.,.,2,.,a,n,a,a,a,a,a,a,a,a,a,a,a,a,a,a,a,a,a,a,a,a,a,a,a,a,a,a,a,a,a,a,a,a,a,a,a,a,a,a,a,a,a,a,a,21 days 00:00:00.000000000,76,84
267,2000,"McKnight, Brian",Stay Or Let It Go,4:32,Rock,2000-02-26,2000-03-25, , , , , ,., ,., , , , , , , , , , ,., ,n, ,n,n,n,n,n,n,n,n,n,n,n,n,n,n,n,n,n,n,n,n,n,n,n,n,n,n,n,n,n,n,n,n,n,n,n,n,n,n,n,n,n,n,n,28 days 00:00:00.000000000,76,95
268,2000,"Allan, Gary",Smoke Rings In The Dark,4:18,Country,2000-01-22,2000-02-05, , , , , , , , , , , , , , , , , , , , , , , , , , , , , , , , , , , , , , , , , , , , , , , , , , , , , , , , , , , , , , , , , ,14 days 00:00:00.000000000,76,80
269,2000,Ginuwine,The Best Man I Can Be,4:06,Rock,2000-01-08,2000-03-04, , , , , , , , , , , , , , , , , , , , , , , , , , , , , , , , , , , , , , , , , , , , , , , , , , , , , , , , , , , , , , , , , ,56 days 00:00:00.000000000,77,97
270,2000,Before Dark,Monica,4:04,Rock,2000-05-20,2000-06-17,6,5,4,4,4,2,3,2, , , ,1,1,2,2,2,2,3,3,6,4,n,n,n,n,n,n,n,n,n,n,n,n,n,n,n,n,n,n,n,n,n,n,n,n,n,n,n,n,n,n,n,n,n,n,n,n,n,n,n,n,n,n,n,n,28 days 00:00:00.000000000,77,95
271,2000,"Estefan, Gloria",No Me Dejes De Querer,3:25,Rock,2000-06-10,2000-06-10,7,3,2,1,8,5,4,3,9,9,8,1,5,1,6,9,6,8,6,6,5,a,a,a,a,a,a,a,a,a,a,a,a,a,a,a,a,a,a,a,a,a,a,a,a,a,a,a,a,a,a,a,a,a,a,a,a,a,a,a,a,a,a,a,a,0 days 00:00:00.000000000,77,77
272,2000,Stone Temple Pilots,Sour Girl,4:16,Rock,2000-07-08,2000-07-29,.,.,.,.,.,.,.,.,.,.,.,.,.,.,.,.,.,.,.,.,.,n,n,n,n,n,n,n,n,n,n,n,n,n,n,n,n,n,n,n,n,n,n,n,n,n,n,n,n,n,n,n,n,n,n,n,n,n,n,n,n,n,n,n,n,21 days 00:00:00.000000000,78,79
273,2000,Montgomery Gentry,Daddy Won't Sell The Farm,4:18,Country,2000-03-04,2000-03-25, , , , , , , , , , , , , , , , , , , , , , , , , , , , , , , , , , , , , , , , , , , , , , , , , , , , , , , , , , , , , , , , , ,21 days 00:00:00.000000000,79,87
274,2000,"Cyrus, Billy Ray",You Won't Be Lonely Now,3:45,Country,2000-09-23,2000-11-11, , , , , , , , , , , , , , , , , , , , , , , , , , , , , , , , , , , , , , , , , , , , , , , , , , , , , , , , , , , , , , , , , ,49 days 00:00:00.000000000,80,97
275,2000,Clark Family Experience,Meanwhile Back At The Ranch,2:56,Country,2000-11-18,2000-12-16, , , , , ,2, ,1, , , , , , , , , , ,4, ,n, ,n,n,n,n,n,n,n,n,n,n,n,n,n,n,n,n,n,n,n,n,n,n,n,n,n,n,n,n,n,n,n,n,n,n,n,n,n,n,n,n,n,n,n,28 days 00:00:00.000000000,80,87
276,2000,"Thomas, Carl",Summer Rain,4:57,Rock,2000-09-23,2000-10-14,2,1,1,1,1,2, ,6,1,1,1,1,1,1,1,1,1,1,2,1,a, ,a,a,a,a,a,a,a,a,a,a,a,a,a,a,a,a,a,a,a,a,a,a,a,a,a,a,a,a,a,a,a,a,a,a,a,a,a,a,a,a,a,a,a,21 days 00:00:00.000000000,80,82
277,2000,"Yearwood, Trisha",Real Live Woman,3:55,Country,2000-04-01,2000-04-29,5,5,2,1,1,.,7,.,4,5,5,7,9,6,5,4,2,0,.,0,n,9,n,n,n,n,n,n,n,n,n,n,n,n,n,n,n,n,n,n,n,n,n,n,n,n,n,n,n,n,n,n,n,n,n,n,n,n,n,n,n,n,n,n,n,28 days 00:00:00.000000000,81,85
278,2000,Trick Daddy,Shut Up,4:17,Rap,2000-05-20,2000-06-17,.,.,.,.,., ,., ,.,.,.,.,.,.,.,.,.,., ,., ,., , , , , , , , , , , , , , , , , , , , , , , , , , , , , , , , , , , , , , , , , , , ,28 days 00:00:00.000000000,83,99
279,2000,"Moore, Chante",Straight Up,3:40,Rock,2000-10-28,2000-12-02, , , , , , , , , , , , , , , , , , , , , , , , , , , , , , , , , , , , , , , , , , , , , , , , , , , , , , , , , , , , , , , , , ,35 days 00:00:00.000000000,83,98
280,2000,Cam'ron,What Means The World To You,4:38,Rap,2000-10-14,2000-11-18, , , , , ,5, ,5, , , , , , , , , , ,1, ,2, ,2,3,4,n,n,n,n,n,n,n,n,n,n,n,n,n,n,n,n,n,n,n,n,n,n,n,n,n,n,n,n,n,n,n,n,n,n,n,n,n,n,n,n,35 days 00:00:00.000000000,83,94
281,2000,Juvenile,U Understand,3:51,Rap,2000-02-05,2000-02-12, , , , , ,9, ,3, , , , , , , , , , ,9, ,1, ,5,0,1,a,a,a,a,a,a,a,a,a,a,a,a,a,a,a,a,a,a,a,a,a,a,a,a,a,a,a,a,a,a,a,a,a,a,a,a,a,a,a,a,7 days 00:00:00.000000000,83,85
282,2000,"Hollister, Dave",Can't Stay,6:17,Rock,2000-03-25,2000-03-25,8,7,7,6,6,.,5,.,5,5,5,5,5,5,6,6,6,5,.,6,.,n,.,.,.,n,n,n,n,n,n,n,n,n,n,n,n,n,n,n,n,n,n,n,n,n,n,n,n,n,n,n,n,n,n,n,n,n,n,n,n,n,n,n,n,0 days 00:00:00.000000000,84,84
283,2000,Tamia,Can't Go For That,3:38,Rock,2000-09-16,2000-09-30,1,7,3,3,1, ,6, ,6,7,7,7,7,7,0,1,1,7, ,1, ,a, , , , , , , , , , , , , , , , , , , , , , , , , , , , , , , , , , , , , , , , , , , ,14 days 00:00:00.000000000,84,90
284,2000,LFO,West Side Story,3:27,Rock,2000-08-05,2000-08-12,.,.,.,.,., ,., ,.,.,.,.,.,.,.,.,.,., ,., ,n, , , , , , , , , , , , , , , , , , , , , , , , , , , , , , , , , , , , , , , , , , , ,7 days 00:00:00.000000000,84,96
285,2000,"Paisley, Brad",Me Neither,3:19,Country,2000-05-13,2000-05-20, , , , , ,2, ,1, , , , , , , , , , ,2, ,2, ,3,3,4,4,n,n,n,n,n,n,n,n,n,n,n,n,n,n,n,n,n,n,n,n,n,n,n,n,n,n,n,n,n,n,n,n,n,n,n,n,n,n,n,7 days 00:00:00.000000000,85,87
286,2000,"Carter, Torrey",Take That,3:43,Rock,2000-06-24,2000-07-08, , , , , ,3, ,6, , , , , , , , , , ,4, ,7, ,3,5,1,8,a,a,a,a,a,a,a,a,a,a,a,a,a,a,a,a,a,a,a,a,a,a,a,a,a,a,a,a,a,a,a,a,a,a,a,a,a,a,a,14 days 00:00:00.000000000,86,94
287,2000,2Ge+her,The Hardest Part Of Breaking Up (Is Getting Back Your Stuff),3:15,R&B,2000-09-02,2000-09-09,1, , , , ,., ,., , , , , , , , , , ,., ,., ,.,.,.,.,n,n,n,n,n,n,n,n,n,n,n,n,n,n,n,n,n,n,n,n,n,n,n,n,n,n,n,n,n,n,n,n,n,n,n,n,n,n,n,7 days 00:00:00.000000000,87,91
288,2000,Madison Avenue,Don't Call Me Baby,3:44,Electronica,2000-07-08,2000-09-16,0,9,9,7,5, ,2, ,3,3,3,3,2,2,1,1,1,1, ,1, , , , , , , , , , , , , , , , , , , , , , , , , , , , , , , , , , , , , , , , , , , , , ,70 days 00:00:00.000000000,88,98
289,2000,Eve,Got It All,3:48,Rap,2000-07-15,2000-07-22,0,9,6,6,5, ,4, ,0,6,7,0,3,1,7,7,5,1, ,0, ,7, , , , , , , , , , , , , , , , , , , , , , , , , , , , , , , , , , , , , , , , , , , ,7 days 00:00:00.000000000,88,89
290,2000,Limp Bizkit,Re-Arranged,4:08,Rock,1999-12-04,2000-02-05,.,.,.,.,.,1,.,1,.,.,.,.,.,.,.,.,.,.,2,.,4,.,n,n,n,n,n,n,n,n,n,n,n,n,n,n,n,n,n,n,n,n,n,n,n,n,n,n,n,n,n,n,n,n,n,n,n,n,n,n,n,n,n,n,n,63 days 00:00:00.000000000,88,91
291,2000,"Spencer, Tracie",Still In My Heart,4:11,Rock,2000-03-04,2000-03-11,"
","
","
","
","
",9,"
",4,"
","
","
","
","
","
","
","
","
","
",9,"
",0,"
",a,a,a,a,a,a,a,a,a,a,a,a,a,a,a,a,a,a,a,a,a,a,a,a,a,a,a,a,a,a,a,a,a,a,a,a,a,a,a,a,a,a,a,7 days 00:00:00.000000000,88,95
292,2000,Nu Flavor,3 Little Words,3:54,R&B,2000-06-03,2000-06-17, , , , , ,., ,., , , , , , , , , , ,., ,., ,n,n,n,n,n,n,n,n,n,n,n,n,n,n,n,n,n,n,n,n,n,n,n,n,n,n,n,n,n,n,n,n,n,n,n,n,n,n,n,n,n,n,n,14 days 00:00:00.000000000,89,97
293,2000,Tamar,If You Don't Wanna Love Me,4:02,Rock,2000-03-25,2000-04-15, , , , , , , , , , , , , , , , , , , , , , , , , , , , , , , , , , , , , , , , , , , , , , , , , , , , , , , , , , , , , , , , , ,21 days 00:00:00.000000000,89,98
294,2000,"Levert, Gerald",Baby U Are,4:10,R&B,2000-08-19,2000-08-26, , , , , , , , , , , , , , , , , , , , , , , , , , , , , , , , , , , , , , , , , , , , , , , , , , , , , , , , , , , , , , , , , ,7 days 00:00:00.000000000,89,96
295,2000,"Hart, Beth",L.A. Song,3:47,Country,1999-11-27,2000-01-15,8,6,4,4,3,4,2,2,2,2,2,2,1,1, , ,1,1,2,2,2,n,3,4,n,n,n,n,n,n,n,n,n,n,n,n,n,n,n,n,n,n,n,n,n,n,n,n,n,n,n,n,n,n,n,n,n,n,n,n,n,n,n,n,n,49 days 00:00:00.000000000,90,99
296,2000,"Diffie, Joe",The Quittin' Kind,3:23,Country,2000-01-01,2000-01-22,5,1,6,0,6,2,5,9,5,4,1,0,9,9,8,7,0,2,1,5,4,a,6,7,a,a,a,a,a,a,a,a,a,a,a,a,a,a,a,a,a,a,a,a,a,a,a,a,a,a,a,a,a,a,a,a,a,a,a,a,a,a,a,a,a,21 days 00:00:00.000000000,90,98
297,2000,Funkmaster Flex,Do You,4:14,Rap,2000-11-11,2000-12-02,.,.,.,.,.,.,.,.,.,.,.,.,.,.,.,.,.,.,.,.,.,n,.,.,n,n,n,n,n,n,n,n,n,n,n,n,n,n,n,n,n,n,n,n,n,n,n,n,n,n,n,n,n,n,n,n,n,n,n,n,n,n,n,n,n,21 days 00:00:00.000000000,91,92
298,2000,"Price, Kelly",Love Sets You Free,3:46,Rock,2000-05-13,2000-05-20, , , , , , , , , , , , , , , , , , , , , , , , , , , , , , , , , , , , , , , , , , , , , , , , , , , , , , , , , , , , , , , , , ,7 days 00:00:00.000000000,91,92
299,2000,En Vogue,Riddle,5:10,Rock,2000-06-17,2000-06-17, , , , , , , , , , , , , , , , , , , , , , , , , , , , , , , , , , , , , , , , , , , , , , , , , , , , , , , , , , , , , , , , , ,0 days 00:00:00.000000000,92,92
300,2000,"Herndon, Ty",No Mercy,4:43,Country,2000-03-18,2000-05-06, , , , , ,3, ,3, , , , , , , , , , ,3, ,n, ,n,n,n,n,n,n,n,n,n,n,n,n,n,n,n,n,n,n,n,n,n,n,n,n,n,n,n,n,n,n,n,n,n,n,n,n,n,n,n,n,n,n,n,49 days 00:00:00.000000000,92,100
301,2000,Anastacia,I'm Outta Love,4:01,Pop,2000-04-01,2000-04-01,8,8, , ,6,8,n,1,n,n,n,n,n,n,n,n,n,n,1,n,a,n,a,a,a,a,a,a,a,a,a,a,a,a,a,a,a,a,a,a,a,a,a,a,a,a,a,a,a,a,a,a,a,a,a,a,a,a,a,a,a,a,a,a,a,0 days 00:00:00.000000000,92,92
302,2000,Trina,Pull Over,2:58,Rap,2000-09-09,2000-09-16,9,9,7,8,6,.,a,.,a,a,a,a,a,a,a,a,a,a,.,a,n,a,n,n,n,n,n,n,n,n,n,n,n,n,n,n,n,n,n,n,n,n,n,n,n,n,n,n,n,n,n,n,n,n,n,n,n,n,n,n,n,n,n,n,n,7 days 00:00:00.000000000,93,97
303,2000,Lil' Mo,Ta Da,4:17,Rap,2000-08-12,2000-09-16,.,.,.,.,.,"
",n,"
",n,n,n,n,n,n,n,n,n,n,"
",n,"
",n,"
","
","
","
","
","
","
","
","
","
","
","
","
","
","
","
","
","
","
","
","
","
","
","
","
","
","
","
","
","
","
","
","
","
","
","
","
","
","
","
","
","
","
",35 days 00:00:00.000000000,95,100
304,2000,A*Teens,Dancing Queen,3:44,Pop,2000-07-08,2000-07-29, , , , , , , , , , , , , , , , , , , , , , , , , , , , , , , , , , , , , , , , , , , , , , , , , , , , , , , , , , , , , , , , , ,21 days 00:00:00.000000000,95,97
305,2000,"Sheist, Shade",Where I Wanna Be,4:16,Rap,2000-11-11,2000-11-18, , , , , , , , , , , , , , , , , , , , , , , , , , , , , , , , , , , , , , , , , , , , , , , , , , , , , , , , , , , , , , , , , ,7 days 00:00:00.000000000,95,96
306,2000,De La Soul,All Good?,5:02,Rap,2000-12-23,2000-12-23, , , , , ,1, ,1, , , , , , , , , , ,n, ,n, ,n,n,n,n,n,n,n,n,n,n,n,n,n,n,n,n,n,n,n,n,n,n,n,n,n,n,n,n,n,n,n,n,n,n,n,n,n,n,n,n,n,n,n,0 days 00:00:00.000000000,96,96
307,2000,"Larrieux, Amel",Get Up,4:02,R&B,2000-03-04,2000-03-11,6,5,3,2,1,6,1,3,1,1,1,1,1, ,1,1,1,1,a,1,a,3,a,a,a,a,a,a,a,a,a,a,a,a,a,a,a,a,a,a,a,a,a,a,a,a,a,a,a,a,a,a,a,a,a,a,a,a,a,a,a,a,a,a,a,7 days 00:00:00.000000000,97,100
308,2000,"Braxton, Toni",Spanish Guitar,4:24,Rock,2000-12-02,2000-12-02,7,2,0,3,9,.,6,.,4,2,3,3,1,8,0,0,1,4,n,9,n,1,n,n,n,n,n,n,n,n,n,n,n,n,n,n,n,n,n,n,n,n,n,n,n,n,n,n,n,n,n,n,n,n,n,n,n,n,n,n,n,n,n,n,n,0 days 00:00:00.000000000,98,98
309,2000,Tuesday,I Know,4:06,Rock,2000-12-30,2000-12-30,.,.,.,.,., ,., ,.,.,.,.,.,.,.,.,.,., ,., ,., , , , , , , , , , , , , , , , , , , , , , , , , , , , , , , , , , , , , , , , , , , ,0 days 00:00:00.000000000,98,98
310,2000,LL Cool J,Imagine That,4:00,Rap,2000-08-12,2000-08-19, , , , , , , , , , , , , , , , , , , , , , , , , , , , , , , , , , , , , , , , , , , , , , , , , , , , , , , , , , , , , , , , , ,7 days 00:00:00.000000000,98,99
311,2000,Master P,Souljas,3:33,Rap,2000-11-18,2000-11-18, , , , , ,2, ,1, , , , , , , , , , ,4, ,n, ,n,n,n,n,n,n,n,n,n,n,n,n,n,n,n,n,n,n,n,n,n,n,n,n,n,n,n,n,n,n,n,n,n,n,n,n,n,n,n,n,n,n,n,0 days 00:00:00.000000000,98,98
312,2000,Ghostface Killah,Cherchez LaGhost,3:04,R&B,2000-08-05,2000-08-05, , , , , ,5, ,5, , , , , , , , , , ,2, ,a, ,a,a,a,a,a,a,a,a,a,a,a,a,a,a,a,a,a,a,a,a,a,a,a,a,a,a,a,a,a,a,a,a,a,a,a,a,a,a,a,a,a,a,a,0 days 00:00:00.000000000,98,98
313,2000,"Smith, Will",Freakin' It,3:58,Rap,2000-02-12,2000-02-12,6,3,2,1,1,.,1,., ,1,1,1,1,2,3,4,7,8,.,9,n,n,n,n,n,n,n,n,n,n,n,n,n,n,n,n,n,n,n,n,n,n,n,n,n,n,n,n,n,n,n,n,n,n,n,n,n,n,n,n,n,n,n,n,n,0 days 00:00:00.000000000,99,99
314,2000,Zombie Nation,Kernkraft 400,3:30,Rock,2000-09-02,2000-09-02,7,8,6,9,5, ,2, ,9,0,4,5,7,4,5,9,7,5, ,6, ,a, , , , , , , , , , , , , , , , , , , , , , , , , , , , , , , , , , , , , , , , , , , ,0 days 00:00:00.000000000,99,99
315,2000,"Eastsidaz, The",Got Beef,3:58,Rap,2000-07-01,2000-07-01,.,.,.,.,., ,., ,.,.,.,.,.,.,.,.,.,., ,., ,n, , , , , , , , , , , , , , , , , , , , , , , , , , , , , , , , , , , , , , , , , , , ,0 days 00:00:00.000000000,99,99
316,2000,Fragma,Toca's Miracle,3:22,R&B,2000-10-28,2000-10-28, , , , , ,3, ,2, , , , , , , , , , ,1, ,1, ,1,2,2,3,3,3,4,4,4,n,n,n,n,n,n,n,n,n,n,n,n,n,n,n,n,n,n,n,n,n,n,n,n,n,n,n,n,n,n,n,n,n,n,0 days 00:00:00.000000000,99,99
